date,open,close,high,low,volume
2020-01-01,5306.67,5366.14,5374.91,5288.17,14589.44
2020-01-02,5306.67,5366.14,5374.91,5288.17,14589.44
2020-01-03,5376.03,5380.64,5395.26,5351.8,12845.2
2020-01-06,5365.22,5434.85,5481.55,5355.02,15958.74
2020-01-07,5441.9,5499.84,5499.84,5440.69,14414.27
2020-01-08,5481.98,5423.8,5500.16,5409.57,15540.68
2020-01-09,5465.86,5497.54,5497.54,5457.35,13243.17
2020-01-10,5511.67,5480.23,5516.09,5455.25,11381.98
2020-01-13,5478.32,5559.63,5559.63,5447.73,11807.62
2020-01-14,5576.63,5542.33,5583.72,5539.9,12981.14
2020-01-15,5532.96,5530.03,5545.1,5492.65,11242.5
2020-01-16,5539.42,5527.67,5559.02,5514.69,11189.73
2020-01-17,5539.72,5510.05,5555.41,5499.47,10494.93
2020-01-20,5523.01,5587.54,5587.54,5500.59,11540.3
2020-01-21,5581.01,5523.94,5581.98,5515.19,12460.48
2020-01-22,5502.59,5575.51,5597.99,5440.2,12347.48
2020-01-23,5521.79,5377.74,5558.43,5326.93,14577.31
2020-02-03,4896.89,4910.9,4960.75,4896.89,8177.71
2020-02-04,4736.12,4996.47,5013.77,4736.12,18967.23
2020-02-05,5035.41,5123.96,5178.44,5026.41,17109.53
2020-02-06,5128.19,5282.89,5299.18,5100.48,18595.75
2020-02-07,5287.27,5327.04,5329.36,5226.7,19114.76
2020-02-10,5322.01,5388.43,5389.04,5301.41,17670.33
2020-02-11,5390.53,5361.28,5396.96,5323.76,15250.82
2020-02-12,5345.52,5459.95,5461.67,5340.49,15104.15
2020-02-13,5456.66,5412.84,5482.8,5397.23,15820.26
2020-02-14,5407.47,5420.8,5474.47,5375.93,14534.65
2020-02-17,5454.46,5594.44,5594.44,5454.46,17463.67
2020-02-18,5607.84,5660.81,5660.81,5577.9,18509.87
2020-02-19,5654.18,5603.26,5678.82,5601.39,18564.21
2020-02-20,5619.52,5706.71,5712.18,5580.07,19207.6
2020-02-21,5704.84,5784.03,5822.4,5700.95,20723.62
2020-02-24,5784.58,5865.47,5884.14,5754.68,21809.9
2020-02-25,5745.62,5897.72,5912.27,5643.88,26736.67
2020-02-26,5824.05,5743.39,5885.27,5724.5,26637.51
2020-02-27,5770.22,5753.73,5829.04,5689.54,20469.49
2020-02-28,5558.42,5451.29,5641.77,5438.85,22430.67
2020-03-02,5516.44,5656.42,5683.24,5505.27,19951.16
2020-03-03,5756.79,5710.02,5832.35,5658.12,22632.55
2020-03-04,5670.5,5716.51,5719.18,5603.93,18513.31
2020-03-05,5795.25,5801.12,5811.21,5732.17,21723.22
2020-03-06,5737.1,5763.86,5802.63,5723.73,18529.71
2020-03-09,5668.64,5525.82,5699.92,5525.82,21853.81
2020-03-10,5459.17,5675.11,5675.88,5423.43,20840.29
2020-03-11,5692.72,5589.53,5708.92,5589.53,18775.09
2020-03-12,5507.32,5493.88,5549.35,5446.79,15875.32
2020-03-13,5225.51,5457.2,5507.39,5224.73,19526.67
2020-03-16,5496.89,5200.11,5496.89,5183.34,18685.0
2020-03-17,5245.52,5212.06,5300.56,5052.65,15913.79
2020-03-18,5257.94,5119.47,5333.12,5119.47,16428.66
2020-03-19,5119.94,5157.82,5185.09,5020.44,15459.37
2020-03-20,5217.49,5219.28,5225.03,5129.07,12751.33
2020-03-23,5079.35,4998.91,5129.14,4981.67,13868.47
2020-03-24,5089.15,5096.04,5118.04,4963.29,14078.77
2020-03-25,5200.78,5217.42,5229.22,5160.39,14688.11
2020-03-26,5180.47,5166.11,5227.47,5157.15,12565.25
2020-03-27,5222.85,5137.34,5227.79,5134.49,11704.51
2020-03-30,5073.7,5027.49,5074.63,4974.32,12398.13
2020-03-31,5073.52,5041.45,5090.57,5030.57,11160.56
2020-04-01,5029.58,5019.22,5108.18,5007.71,11215.41
2020-04-02,4998.63,5147.2,5147.2,4998.11,11335.11
2020-04-03,5143.52,5107.04,5161.57,5085.09,10947.9
2020-04-07,5202.55,5267.07,5273.09,5197.58,14510.95
2020-04-08,5243.16,5271.8,5291.41,5232.62,13778.63
2020-04-09,5301.27,5322.46,5336.12,5289.38,12509.85
2020-04-10,5321.79,5208.51,5321.79,5197.98,12381.64
2020-04-13,5176.44,5169.18,5198.37,5140.85,9818.1
2020-04-14,5197.17,5288.59,5288.59,5189.82,11018.82
2020-04-15,5291.97,5268.75,5320.58,5264.01,12247.74
2020-04-16,5245.92,5316.97,5328.12,5238.43,12074.22
2020-04-17,5354.98,5318.45,5377.15,5309.58,13696.98
2020-04-20,5329.87,5381.79,5381.79,5311.2,12064.22
2020-04-21,5358.6,5343.88,5358.6,5287.66,13074.44
2020-04-22,5304.73,5387.62,5388.21,5296.26,12359.7
2020-04-23,5402.65,5357.79,5407.49,5354.94,14461.83
2020-04-24,5350.54,5273.55,5354.76,5258.57,13138.34
2020-04-27,5278.98,5265.72,5314.41,5249.31,11713.24
2020-04-28,5268.13,5227.85,5273.26,5102.06,14082.49
2020-04-29,5203.71,5226.81,5269.74,5201.47,10592.68
2020-04-30,5261.05,5353.86,5368.89,5261.05,13303.67
2020-05-06,5320.94,5451.32,5451.46,5318.44,14167.91
2020-05-07,5454.25,5445.75,5473.77,5425.8,14014.64
2020-05-08,5474.87,5507.7,5527.09,5467.65,13631.86
2020-05-11,5529.11,5496.19,5547.94,5466.62,12985.2
2020-05-12,5494.07,5512.46,5519.29,5441.7,11594.37
2020-05-13,5495.9,5536.28,5546.55,5483.99,10789.58
2020-05-14,5513.08,5487.11,5528.09,5485.02,11919.77
2020-05-15,5510.15,5507.93,5543.93,5486.26,11265.15
2020-05-18,5522.72,5478.82,5528.78,5454.96,13365.47
2020-05-19,5515.03,5547.88,5548.22,5504.23,11200.89
2020-05-20,5545.04,5489.7,5547.17,5473.79,12349.13
2020-05-21,5508.2,5426.17,5511.23,5415.6,11455.91
2020-05-22,5421.73,5328.23,5421.89,5307.3,10641.57
2020-05-25,5323.97,5316.6,5344.28,5293.23,8438.57
2020-05-26,5341.11,5420.21,5421.9,5341.08,9096.9
2020-05-27,5426.56,5369.5,5426.56,5358.47,10396.04
2020-05-28,5367.27,5361.17,5390.14,5290.29,10252.43
2020-05-29,5349.57,5406.34,5416.66,5336.07,10500.33
2020-06-01,5446.29,5569.48,5576.65,5446.29,14169.76
2020-06-02,5595.36,5566.44,5596.44,5544.19,13902.91
2020-06-03,5583.7,5572.31,5618.29,5567.07,13834.55
2020-06-04,5589.34,5576.75,5597.26,5549.36,12077.85
2020-06-05,5585.16,5585.42,5592.35,5542.87,11225.39
2020-06-08,5618.38,5575.3,5627.19,5567.21,11944.62
2020-06-09,5582.14,5610.38,5616.04,5560.14,11487.09
2020-06-10,5611.66,5615.24,5616.61,5581.92,10836.81
2020-06-11,5618.64,5589.1,5673.31,5567.54,12751.55
2020-06-12,5483.78,5591.49,5620.21,5479.27,12954.55
2020-06-15,5605.88,5590.64,5661.97,5590.64,14535.98
2020-06-16,5633.26,5695.3,5695.3,5624.85,13395.17
2020-06-17,5708.69,5735.42,5735.42,5685.62,14683.75
2020-06-18,5738.03,5734.4,5744.45,5705.3,15815.44
2020-06-19,5733.43,5787.15,5796.36,5727.62,14176.81
2020-06-22,5793.79,5784.03,5815.39,5770.81,14539.23
2020-06-23,5783.12,5804.34,5809.28,5755.4,12574.81
2020-06-24,5808.54,5789.09,5824.31,5773.29,11024.14
2020-06-29,5774.46,5762.44,5789.16,5740.26,11776.12
2020-06-30,5790.06,5864.42,5875.33,5788.21,11535.03
2020-07-01,5884.54,5881.89,5885.87,5814.76,14283.3
2020-07-02,5880.88,5975.28,5979.99,5858.57,20118.14
2020-07-03,5990.0,6051.51,6052.52,5968.07,22682.68
2020-07-06,6095.96,6299.86,6318.31,6095.96,30237.65
2020-07-07,6368.31,6380.03,6480.03,6300.24,32586.54
2020-07-08,6378.95,6535.42,6541.44,6352.37,28884.74
2020-07-09,6541.29,6693.75,6712.14,6530.02,31741.23
2020-07-10,6664.33,6676.44,6763.81,6644.36,28873.67
2020-07-13,6710.64,6899.52,6899.62,6710.64,29730.56
2020-07-14,6897.0,6807.73,6897.0,6672.8,29386.83
2020-07-15,6815.62,6638.84,6838.15,6598.52,25647.28
2020-07-16,6642.33,6320.0,6711.0,6305.13,25331.59
2020-07-17,6327.03,6344.59,6447.51,6272.94,19680.39
2020-07-20,6419.08,6526.83,6526.83,6340.65,21241.32
2020-07-21,6546.57,6563.32,6591.01,6500.87,19396.59
2020-07-22,6554.17,6620.69,6699.69,6534.74,21010.12
2020-07-23,6562.05,6620.09,6629.21,6431.26,20799.25
2020-07-24,6584.81,6283.98,6609.29,6265.38,21901.78
2020-07-27,6304.59,6298.74,6337.33,6229.47,14554.25
2020-07-28,6345.68,6359.66,6385.39,6307.79,13883.81
2020-07-29,6341.01,6530.27,6530.27,6324.05,15922.17
2020-07-30,6548.7,6511.44,6564.78,6491.45,17761.56
2020-07-31,6499.39,6579.67,6619.26,6463.42,17991.29
2020-08-03,6635.34,6739.81,6739.81,6614.43,20726.67
2020-08-04,6758.49,6697.71,6764.9,6672.89,20947.89
2020-08-05,6696.69,6772.84,6790.01,6653.28,18484.38
2020-08-06,6780.33,6770.3,6792.28,6656.28,20522.98
2020-08-07,6743.29,6688.88,6755.53,6578.67,19812.82
2020-08-10,6666.56,6725.3,6768.87,6651.74,17535.32
2020-08-11,6727.77,6600.85,6756.85,6594.98,18084.58
2020-08-12,6580.01,6528.4,6599.66,6395.01,17788.9
2020-08-13,6552.37,6552.66,6592.12,6518.42,16206.05
2020-08-14,6542.6,6623.56,6629.51,6506.03,15687.6
2020-08-17,6646.54,6744.55,6752.32,6614.18,20140.74
2020-08-18,6747.61,6789.4,6811.56,6737.53,18916.62
2020-08-19,6782.59,6666.27,6782.59,6661.99,19430.91
2020-08-20,6622.01,6593.79,6672.49,6570.69,15764.63
2020-08-21,6628.9,6643.94,6686.02,6589.2,14296.35
2020-08-24,6667.3,6688.96,6702.75,6589.93,14302.04
2020-08-25,6698.12,6652.55,6734.44,6631.69,14709.81
2020-08-26,6650.45,6525.88,6660.76,6501.24,15373.48
2020-08-27,6538.14,6578.79,6585.72,6486.75,12983.62
2020-08-28,6571.9,6691.21,6695.36,6553.92,14194.96
2020-08-31,6719.29,6668.43,6765.89,6667.68,15602.44
2020-09-01,6667.17,6710.46,6710.46,6637.63,12563.25
2020-09-02,6725.69,6717.56,6742.55,6647.03,14956.25
2020-09-03,6715.1,6662.25,6732.67,6638.45,14211.03
2020-09-04,6545.89,6618.58,6631.03,6538.49,12535.85
2020-09-07,6619.9,6478.81,6669.39,6459.1,15558.17
2020-09-08,6493.77,6525.1,6543.0,6432.95,16123.03
2020-09-09,6455.31,6349.22,6471.48,6319.27,21691.64
2020-09-10,6404.66,6235.57,6414.96,6219.64,18104.95
2020-09-11,6209.79,6311.97,6319.67,6209.79,12462.92
2020-09-14,6350.36,6351.24,6381.18,6297.9,13050.23
2020-09-15,6351.04,6387.88,6388.13,6328.54,11518.42
2020-09-16,6379.52,6353.84,6387.77,6321.57,11337.99
2020-09-17,6345.67,6367.02,6416.01,6291.63,11895.97
2020-09-18,6367.79,6469.47,6473.6,6353.56,13522.63
2020-09-21,6492.22,6445.96,6515.34,6434.32,12602.37
2020-09-22,6392.03,6358.65,6462.98,6341.48,12130.59
2020-09-23,6382.28,6392.03,6411.2,6356.16,9504.88
2020-09-24,6353.69,6244.64,6354.68,6243.28,11280.15
2020-09-25,6271.7,6236.89,6285.47,6206.18,8779.88
2020-09-28,6255.02,6178.47,6261.93,6171.02,7896.29
2020-09-29,6206.99,6228.77,6280.44,6179.88,8137.12
2020-09-30,6245.12,6192.5,6260.12,6155.02,8148.41
2020-10-09,6300.07,6357.97,6373.94,6290.47,10038.62
2020-10-12,6408.08,6541.18,6541.31,6399.68,14482.43
2020-10-13,6538.84,6551.4,6557.86,6486.31,11155.85
2020-10-14,6547.84,6508.37,6547.84,6492.66,11862.96
2020-10-15,6511.07,6460.04,6518.55,6456.77,10700.43
2020-10-16,6456.74,6428.68,6473.63,6388.65,9873.2
2020-10-19,6466.57,6358.32,6483.51,6346.26,10366.84
2020-10-20,6349.64,6423.11,6423.16,6324.39,8618.92
2020-10-21,6426.19,6350.01,6426.51,6323.44,8751.23
2020-10-22,6331.8,6317.14,6334.54,6256.23,8572.47
2020-10-23,6312.01,6213.26,6362.43,6202.53,8056.51
2020-10-26,6195.35,6214.38,6239.72,6127.38,7339.3
2020-10-27,6187.47,6221.34,6227.84,6168.97,7558.65
2020-10-28,6221.74,6246.0,6254.72,6164.24,8713.09
2020-10-29,6168.91,6255.19,6287.65,6159.14,9258.75
2020-10-30,6272.93,6111.48,6274.62,6103.89,11212.24
2020-11-02,6119.45,6143.12,6162.28,6095.8,11175.64
2020-11-03,6175.16,6241.77,6245.56,6155.73,10544.0
2020-11-04,6246.64,6234.16,6256.07,6181.1,9292.97
2020-11-05,6294.61,6351.98,6358.44,6273.31,11884.32
2020-11-06,6366.19,6301.25,6366.19,6254.09,11824.42
2020-11-09,6337.44,6421.65,6452.91,6337.44,16002.79
2020-11-10,6434.43,6373.09,6435.41,6339.29,14192.89
2020-11-11,6356.37,6294.61,6375.24,6292.84,13072.81
2020-11-12,6305.07,6315.49,6341.0,6285.29,10468.07
2020-11-13,6304.46,6306.97,6319.41,6248.36,10711.63
2020-11-16,6319.7,6387.37,6387.42,6294.29,13367.73
2020-11-17,6380.77,6336.94,6380.77,6300.57,14127.43
2020-11-18,6333.45,6341.01,6382.5,6314.31,13398.25
2020-11-19,6328.08,6360.6,6370.18,6293.56,12380.48
2020-11-20,6354.79,6422.99,6429.87,6351.31,13066.76
2020-11-23,6435.92,6472.93,6516.24,6407.06,18192.57
2020-11-24,6472.75,6475.19,6495.14,6454.67,15406.3
2020-11-25,6489.26,6350.37,6489.72,6350.37,15381.31
2020-11-26,6349.86,6334.3,6358.17,6284.97,12323.69
2020-11-27,6337.38,6351.61,6351.81,6276.07,12088.51
2020-11-30,6360.46,6320.94,6397.72,6309.44,16315.77
2020-12-01,6307.85,6426.62,6437.94,6299.41,15095.73
2020-12-02,6437.96,6434.98,6446.81,6392.99,14970.51
2020-12-03,6437.38,6440.88,6461.09,6392.9,15221.49
2020-12-04,6426.03,6464.73,6471.86,6409.68,12885.52
2020-12-07,6465.99,6424.68,6472.85,6417.65,12107.83
2020-12-08,6424.16,6423.65,6448.39,6406.72,10549.5
2020-12-09,6430.48,6307.22,6437.43,6307.22,12151.62
2020-12-10,6295.35,6320.1,6350.92,6267.17,11057.71
2020-12-11,6328.83,6209.43,6340.39,6163.41,13264.16
2020-12-14,6207.83,6259.02,6260.61,6176.54,10687.71
2020-12-15,6250.1,6265.58,6276.58,6228.68,9798.1
2020-12-16,6268.21,6235.44,6271.03,6219.09,9928.4
2020-12-17,6225.08,6308.9,6312.01,6184.54,12770.27
2020-12-18,6310.16,6291.92,6332.53,6269.21,12862.23
2020-12-21,6302.26,6398.6,6401.55,6293.92,13634.78
2020-12-22,6372.88,6250.06,6378.5,6241.56,15131.06
2020-12-23,6255.35,6307.6,6330.6,6242.62,14404.43
2020-12-24,6308.48,6205.22,6308.48,6202.4,13122.17
2020-12-25,6190.99,6278.5,6284.59,6186.03,13447.83
2020-12-28,6283.78,6244.48,6288.24,6219.09,14896.02
2020-12-29,6240.74,6199.85,6280.04,6196.41,15447.6
2020-12-30,6196.45,6269.25,6289.27,6188.59,13804.17
2020-12-31,6282.96,6367.11,6370.57,6281.01,16019.41
2021-01-04,6395.61,6482.79,6501.59,6359.08,18662.12
2021-01-05,6470.25,6539.73,6539.73,6452.52,19672.63
2021-01-06,6549.73,6528.14,6569.2,6472.74,17852.11
2021-01-07,6523.68,6538.12,6567.27,6467.44,19713.56
2021-01-08,6541.56,6557.6,6598.38,6484.4,18083.74
2021-01-11,6557.45,6455.4,6572.85,6419.73,18325.73
2021-01-12,6425.81,6543.23,6543.23,6425.81,16231.12
2021-01-13,6550.03,6496.91,6553.65,6457.88,18491.34
2021-01-14,6471.79,6439.89,6516.27,6402.6,16302.38
2021-01-15,6427.13,6417.5,6447.88,6339.43,13824.32
2021-01-18,6414.83,6514.46,6529.41,6392.07,13683.28
2021-01-19,6510.48,6476.37,6532.65,6456.12,14761.67
2021-01-20,6477.67,6535.42,6535.48,6449.28,12852.54
2021-01-21,6552.03,6622.5,6649.86,6550.88,15680.96
2021-01-22,6619.86,6637.81,6643.67,6573.82,15806.23
2021-01-25,6636.22,6645.31,6711.57,6599.97,16562.31
2021-01-26,6621.15,6532.96,6624.45,6515.26,14337.13
2021-01-27,6527.68,6557.16,6564.29,6481.16,13976.0
2021-01-28,6475.86,6414.38,6529.84,6405.81,14482.54
2021-01-29,6448.67,6346.14,6462.37,6255.7,14604.16
2021-02-01,6338.64,6393.28,6397.01,6328.34,13732.52
2021-02-02,6404.85,6454.79,6459.48,6361.09,13239.43
2021-02-03,6459.66,6399.33,6484.49,6399.33,14545.72
2021-02-04,6375.67,6328.79,6414.3,6249.53,14886.13
2021-02-05,6343.83,6239.87,6382.96,6236.27,13513.29
2021-02-08,6247.92,6323.16,6354.02,6215.73,11613.4
2021-02-09,6334.42,6457.88,6468.43,6330.79,11931.91
2021-02-10,6474.75,6525.17,6542.75,6424.72,11904.27
2021-02-18,6657.31,6614.54,6678.61,6564.31,16689.24
2021-02-19,6600.25,6703.48,6706.39,6542.78,17876.78
2021-02-22,6731.51,6657.06,6810.92,6657.06,23706.56
2021-02-23,6613.6,6631.23,6701.43,6609.08,19265.69
2021-02-24,6633.28,6536.19,6661.43,6477.75,17371.88
2021-02-25,6600.21,6499.15,6609.56,6484.55,16206.82
2021-02-26,6365.74,6364.35,6446.95,6346.13,15076.02
2021-03-01,6407.16,6488.44,6491.94,6404.89,15860.84
2021-03-02,6514.02,6433.33,6514.02,6386.49,16587.71
2021-03-03,6426.04,6524.75,6528.22,6420.21,17101.75
2021-03-04,6482.79,6401.99,6485.16,6371.73,19433.46
2021-03-05,6325.75,6403.5,6442.02,6319.53,16650.49
2021-03-08,6453.78,6256.41,6488.82,6253.7,16854.63
2021-03-09,6235.31,6108.0,6250.94,6033.41,19643.27
2021-03-10,6164.77,6062.26,6179.85,6053.02,14255.43
2021-03-11,6074.33,6213.83,6213.93,6045.55,16081.46
2021-03-12,6231.48,6222.38,6232.5,6137.99,17574.62
2021-03-15,6192.3,6173.87,6229.57,6111.36,17079.97
2021-03-16,6176.07,6195.24,6222.18,6124.78,15284.6
2021-03-17,6180.89,6225.36,6230.56,6124.05,13484.04
2021-03-18,6231.19,6273.86,6300.94,6227.19,14072.57
2021-03-19,6195.25,6206.6,6258.13,6167.51,14323.83
2021-03-22,6208.93,6305.69,6307.55,6206.08,14304.14
2021-03-23,6307.98,6219.17,6307.98,6181.13,15096.41
2021-03-24,6180.31,6142.54,6232.13,6131.82,14767.31
2021-03-25,6118.87,6157.41,6190.94,6108.26,12930.71
2021-03-26,6164.82,6251.79,6264.56,6164.82,12888.76
2021-03-29,6270.0,6254.94,6277.76,6215.8,13963.39
2021-03-30,6239.47,6280.36,6287.87,6217.33,13440.96
2021-03-31,6277.7,6254.07,6277.7,6205.94,12512.85
2021-04-01,6259.41,6311.66,6321.58,6238.31,13037.48
2021-04-02,6316.56,6326.61,6341.65,6291.71,12393.89
2021-04-06,6345.89,6343.1,6367.78,6323.24,11148.92
2021-04-07,6350.38,6348.08,6350.38,6289.07,15001.68
2021-04-08,6332.93,6356.75,6385.2,6309.12,17374.13
2021-04-09,6345.29,6335.24,6360.45,6307.66,14130.69
2021-04-12,6325.26,6226.42,6344.16,6203.57,15544.14
2021-04-13,6210.22,6209.78,6254.9,6193.81,13038.77
2021-04-14,6206.64,6277.21,6287.84,6206.64,11743.82
2021-04-15,6263.63,6276.46,6281.43,6211.66,11977.62
2021-04-16,6283.86,6339.59,6344.95,6276.43,12676.47
2021-04-19,6331.71,6425.26,6431.78,6315.08,14220.09
2021-04-20,6419.73,6428.54,6467.38,6410.28,13467.45
2021-04-21,6396.27,6420.26,6434.63,6369.77,12105.17
2021-04-22,6444.28,6445.47,6472.8,6424.75,12492.39
2021-04-23,6445.52,6462.76,6463.97,6412.99,12611.73
2021-04-26,6480.3,6442.65,6546.64,6437.19,14496.41
2021-04-27,6434.61,6446.28,6466.25,6399.44,12589.47
2021-04-28,6433.1,6489.74,6489.74,6410.32,11723.49
2021-04-29,6495.65,6491.93,6502.43,6453.52,12830.54
2021-04-30,6470.35,6485.71,6503.15,6434.73,14425.42
2021-05-06,6503.6,6489.35,6548.07,6440.33,15414.2
2021-05-07,6505.58,6444.44,6524.18,6439.89,17751.87
2021-05-10,6461.42,6475.99,6493.5,6437.11,18908.01
2021-05-11,6436.29,6456.04,6472.87,6349.79,18726.36
2021-05-12,6434.91,6512.05,6521.49,6419.74,15649.09
2021-05-13,6448.96,6439.03,6497.0,6426.58,15965.86
2021-05-14,6454.68,6525.8,6525.8,6421.21,16624.34
2021-05-17,6521.89,6578.14,6613.89,6521.89,15936.38
2021-05-18,6578.97,6599.6,6604.69,6558.78,13250.55
2021-05-19,6582.1,6584.39,6590.98,6544.84,13518.13
2021-05-20,6541.09,6548.71,6580.44,6506.41,16232.99
2021-05-21,6557.49,6527.86,6570.46,6512.81,13435.07
2021-05-24,6515.83,6544.12,6564.07,6494.62,13722.66
2021-05-25,6549.34,6619.67,6628.69,6524.3,14469.2
2021-05-26,6631.37,6628.21,6642.38,6612.42,15623.7
2021-05-27,6629.24,6685.41,6685.48,6620.72,14516.67
2021-05-28,6699.28,6668.17,6718.09,6643.64,15731.84
2021-05-31,6681.55,6728.99,6729.07,6667.26,14692.95
2021-06-01,6718.64,6739.76,6742.98,6656.66,16109.2
2021-06-02,6740.5,6681.43,6748.15,6662.75,15736.53
2021-06-03,6680.1,6667.73,6744.52,6654.46,15488.57
2021-06-04,6642.06,6693.06,6725.69,6628.01,13786.64
2021-06-07,6705.74,6721.5,6729.85,6689.7,14056.09
2021-06-08,6726.09,6684.56,6752.63,6652.39,13868.49
2021-06-09,6677.14,6692.9,6712.25,6656.05,13651.1
2021-06-10,6688.82,6765.64,6773.46,6683.49,15428.1
2021-06-11,6773.64,6725.92,6775.86,6717.27,16956.96
2021-06-15,6734.1,6663.66,6736.54,6649.2,15220.93
2021-06-16,6659.49,6566.29,6662.78,6554.89,13680.79
2021-06-17,6554.3,6616.17,6618.5,6554.3,12449.26
2021-06-18,6610.27,6657.76,6671.88,6587.03,13802.26
2021-06-21,6652.65,6707.18,6722.98,6638.52,14303.12
2021-06-22,6723.3,6739.79,6748.97,6691.82,14654.35
2021-06-23,6741.58,6789.95,6803.97,6720.58,15530.96
2021-06-24,6791.86,6754.87,6791.86,6743.33,14504.65
2021-06-25,6748.87,6813.41,6824.86,6739.02,15148.57
2021-06-28,6814.32,6828.52,6843.52,6802.86,14550.41
2021-06-29,6833.06,6765.42,6835.05,6756.92,13662.57
2021-06-30,6767.74,6808.18,6812.38,6757.34,12540.62
2021-07-01,6827.7,6716.67,6827.7,6716.67,13835.08
2021-07-02,6701.06,6658.05,6718.51,6651.48,13647.23
2021-07-05,6670.13,6711.01,6716.15,6663.54,13473.47
2021-07-06,6727.97,6709.5,6747.85,6633.61,14501.8
2021-07-07,6661.85,6764.13,6765.43,6642.57,14764.7
2021-07-08,6774.84,6748.65,6797.08,6740.85,15956.45
2021-07-09,6721.61,6804.54,6814.65,6683.79,16610.7
2021-07-12,6852.48,6904.38,6926.76,6840.02,19356.1
2021-07-13,6901.81,6961.85,6961.97,6889.03,17962.08
2021-07-14,6953.82,6898.75,6973.61,6898.75,17173.54
2021-07-15,6874.8,6932.41,6936.58,6828.48,17322.11
2021-07-16,6931.05,6925.12,6992.83,6922.35,18490.79
2021-07-19,6912.1,6889.34,6931.14,6856.65,16973.48
2021-07-20,6831.05,6901.13,6901.13,6825.82,14014.06
2021-07-21,6923.61,6984.54,6998.28,6922.92,16300.93
2021-07-22,6996.26,7026.55,7026.73,6960.3,19023.33
2021-07-23,7036.3,6985.75,7061.67,6968.31,22507.91
2021-07-26,6974.11,6868.21,6986.5,6778.5,20819.72
2021-07-27,6877.44,6719.26,6925.97,6719.26,22861.43
2021-07-28,6650.15,6621.98,6709.23,6534.92,19726.72
2021-07-29,6720.62,6758.89,6773.57,6682.12,17101.79
2021-07-30,6739.75,6767.32,6775.01,6702.51,18971.17
2021-08-02,6756.81,6872.0,6875.42,6731.78,20620.52
2021-08-03,6844.37,6816.01,6879.59,6792.71,19418.94
2021-08-04,6814.08,6931.34,6931.78,6813.23,17406.43
2021-08-05,6920.94,6911.83,6946.34,6880.69,17937.19
2021-08-06,6929.02,6938.87,6947.54,6885.65,17235.69
2021-08-09,6914.32,6979.53,6989.71,6877.2,17383.34
2021-08-10,6970.83,7019.23,7019.69,6958.81,17308.8
2021-08-11,7024.77,7073.52,7076.37,6999.93,18835.79
2021-08-12,7059.47,7095.2,7115.89,7051.01,19407.91
2021-08-13,7070.47,7088.89,7124.92,7050.31,19219.06
2021-08-16,7087.58,7052.49,7102.4,7039.1,18817.89
2021-08-17,7045.75,6894.4,7063.02,6876.5,20193.64
2021-08-18,6883.27,6941.01,6950.88,6865.07,17536.73
2021-08-19,6917.51,6947.06,6978.98,6869.29,17181.36
2021-08-20,6915.02,6920.02,6952.52,6843.0,17562.71
2021-08-23,6949.33,7024.56,7031.88,6949.33,18945.66
2021-08-24,7031.65,7090.78,7098.03,7009.69,20272.69
2021-08-25,7092.15,7153.0,7153.27,7058.57,19812.69
2021-08-26,7151.53,7118.84,7175.51,7115.84,23017.62
2021-08-27,7096.65,7180.11,7185.73,7083.21,22383.05
2021-08-30,7202.63,7226.88,7262.6,7190.61,25064.91
2021-08-31,7202.52,7255.34,7255.34,7159.3,24510.83
2021-09-01,7271.03,7193.1,7278.16,7100.31,29552.01
2021-09-02,7172.4,7307.01,7309.33,7172.4,25341.17
2021-09-03,7335.7,7278.68,7385.24,7227.03,28880.12
2021-09-06,7297.36,7355.4,7359.54,7231.73,25587.52
2021-09-07,7360.38,7498.93,7501.13,7350.7,26072.75
2021-09-08,7496.33,7544.04,7549.45,7483.87,27284.78
2021-09-09,7534.98,7617.45,7617.66,7526.97,28720.41
2021-09-10,7613.6,7607.67,7661.43,7564.26,29346.86
2021-09-13,7613.54,7648.75,7650.88,7566.78,26361.86
2021-09-14,7630.72,7556.62,7688.6,7544.02,27150.15
2021-09-15,7535.25,7592.31,7627.67,7521.88,23339.84
2021-09-16,7616.88,7446.94,7657.23,7445.23,26764.98
2021-09-17,7421.81,7395.56,7471.42,7275.98,23360.42
2021-09-22,7305.08,7453.62,7453.93,7298.03,19679.45
2021-09-23,7512.33,7502.84,7543.66,7467.2,24115.87
2021-09-24,7490.56,7380.38,7490.56,7373.29,23171.56
2021-09-27,7400.0,7170.59,7410.47,7128.51,23954.24
2021-09-28,7158.62,7198.9,7227.46,7155.27,20280.06
2021-09-29,7142.76,7010.22,7161.21,6996.57,21057.07
2021-09-30,7034.69,7103.61,7116.04,7034.69,20248.26
2021-10-08,7191.23,7091.34,7198.96,7058.83,20546.77
2021-10-11,7102.88,7090.47,7123.75,7048.87,19542.08
2021-10-12,7069.35,6952.19,7079.71,6891.84,20166.67
2021-10-13,6957.73,6981.59,6991.24,6887.34,16260.47
2021-10-14,6970.65,7008.33,7033.4,6949.48,15476.47
2021-10-15,6996.12,7024.16,7034.03,6975.24,17410.83
2021-10-18,7027.14,7068.1,7071.87,6983.72,17562.7
2021-10-19,7060.77,7120.38,7127.24,7051.78,16813.58
2021-10-20,7081.99,7118.8,7154.91,7067.13,17051.13
2021-10-21,7127.64,7098.25,7145.58,7069.45,16797.2
2021-10-22,7089.13,7026.07,7110.66,7020.87,17161.52
2021-10-25,7019.02,7103.99,7105.98,7003.78,15900.46
2021-10-26,7120.07,7102.43,7155.63,7085.07,17503.22
2021-10-27,7093.12,7048.6,7097.86,7017.86,17902.09
2021-10-28,7026.29,6950.28,7043.42,6930.54,18807.53
2021-10-29,6955.85,7022.5,7022.75,6920.31,17077.95
2021-11-01,7005.07,7060.76,7087.29,6993.27,18414.3
2021-11-02,7061.0,6985.1,7093.61,6921.85,19611.47
2021-11-03,6975.06,7017.85,7034.09,6962.87,15081.46
2021-11-04,7031.95,7073.85,7073.85,7018.61,15265.2
2021-11-05,7071.08,6991.91,7073.85,6991.15,17724.14
2021-11-08,6986.5,7026.97,7034.14,6984.81,14636.09
2021-11-09,7037.57,7081.75,7087.02,7028.31,14169.68
2021-11-10,7061.64,7062.33,7072.15,6965.86,16213.84
2021-11-11,7048.86,7119.86,7121.92,7033.09,16540.07
2021-11-12,7118.99,7156.61,7165.11,7112.58,16851.34
2021-11-15,7166.04,7098.21,7176.77,7083.78,16114.82
2021-11-16,7083.92,7045.94,7121.74,7040.51,16237.03
2021-11-17,7043.63,7104.53,7106.05,7033.95,14034.71
2021-11-18,7108.78,7084.68,7130.29,7066.49,16271.49
2021-11-19,7083.01,7169.88,7174.25,7073.72,17818.59
2021-11-22,7177.4,7255.07,7259.53,7177.4,18052.25
2021-11-23,7245.95,7261.38,7292.92,7239.0,18959.5
2021-11-24,7260.22,7256.11,7278.4,7229.6,17767.41
2021-11-25,7262.79,7233.54,7262.79,7228.29,16406.81
2021-11-26,7216.64,7219.86,7249.2,7201.2,15942.31
2021-11-29,7129.94,7221.9,7226.34,7125.43,16694.14
2021-11-30,7252.33,7252.76,7281.13,7210.84,18633.62
2021-12-01,7239.13,7272.84,7272.94,7215.67,17180.63
2021-12-02,7256.42,7229.99,7279.95,7221.36,17655.55
2021-12-03,7233.57,7301.92,7310.27,7223.8,18622.27
2021-12-06,7308.99,7240.46,7330.47,7235.45,21307.0
2021-12-07,7274.13,7206.83,7284.64,7148.07,19224.39
2021-12-08,7225.0,7302.99,7302.99,7214.26,16928.05
2021-12-09,7298.8,7320.32,7331.58,7290.27,19608.72
2021-12-10,7285.97,7306.65,7317.27,7276.61,18723.07
2021-12-13,7334.11,7353.03,7371.31,7322.44,18536.31
2021-12-14,7330.24,7324.13,7349.88,7314.43,15958.38
2021-12-15,7319.66,7314.26,7352.38,7302.38,15992.39
2021-12-16,7323.41,7381.0,7381.0,7323.41,17769.03
2021-12-17,7380.72,7314.56,7384.02,7308.72,19626.53
2021-12-20,7290.95,7195.97,7313.48,7191.05,18172.79
2021-12-21,7190.97,7275.47,7285.72,7190.97,17621.67
2021-12-22,7289.91,7302.46,7318.61,7271.82,17411.72
2021-12-23,7306.16,7337.19,7350.0,7290.38,16913.18
2021-12-24,7336.0,7278.76,7339.94,7257.53,16941.87
2021-12-27,7269.37,7272.75,7323.88,7255.72,14861.88
2021-12-28,7281.0,7286.03,7290.54,7240.93,14326.2
2021-12-29,7275.67,7247.77,7290.86,7242.3,13620.96
2021-12-30,7246.03,7310.96,7324.5,7244.22,14165.11
2021-12-31,7320.94,7359.4,7368.13,7317.7,14990.9
2022-01-04,7387.81,7354.46,7392.1,7317.5,20081.0
2022-01-05,7343.9,7222.67,7346.26,7200.73,19400.24
2022-01-06,7187.95,7229.96,7242.77,7167.81,17333.58
2022-01-07,7232.41,7175.68,7262.81,7168.04,20001.8
2022-01-10,7161.44,7191.45,7193.92,7122.09,16574.89
2022-01-11,7187.02,7135.22,7206.92,7118.84,16949.46
2022-01-12,7160.18,7196.93,7196.93,7148.63,15605.15
2022-01-13,7203.24,7097.76,7203.24,7096.33,16914.9
2022-01-14,7063.42,7081.14,7125.09,7052.63,17559.12
2022-01-17,7080.62,7157.86,7169.34,7078.66,16177.97
2022-01-18,7163.13,7163.16,7191.0,7133.2,17923.54
2022-01-19,7144.48,7118.76,7182.06,7078.36,16317.84
2022-01-20,7119.51,7056.79,7135.78,7040.01,16866.63
2022-01-21,7037.94,6976.62,7040.43,6965.33,14467.98
2022-01-24,6942.92,6979.25,7006.7,6925.77,12267.96
2022-01-25,6960.0,6743.96,6979.48,6743.96,15033.72
2022-01-26,6762.35,6782.58,6799.81,6721.9,12061.53
2022-01-27,6781.61,6605.92,6785.73,6605.92,12524.38
2022-01-28,6690.18,6580.53,6690.18,6510.18,12708.88
2022-02-07,6664.57,6676.61,6702.33,6656.13,14509.26
2022-02-08,6678.99,6742.19,6742.4,6599.37,15959.86
2022-02-09,6736.75,6843.03,6848.69,6725.8,16282.27
2022-02-10,6841.16,6840.49,6864.69,6797.01,15491.66
2022-02-11,6811.78,6745.02,6840.72,6735.89,15980.14
2022-02-14,6711.59,6695.7,6765.52,6667.49,13708.25
2022-02-15,6700.82,6760.28,6762.86,6686.95,11280.58
2022-02-16,6779.21,6772.03,6788.36,6751.8,10841.4
2022-02-17,6764.33,6768.79,6797.62,6730.18,12298.51
2022-02-18,6734.52,6835.02,6835.2,6727.82,13995.26
2022-02-21,6843.08,6867.11,6871.99,6822.88,14514.63
2022-02-22,6827.05,6784.76,6827.05,6743.85,14860.99
2022-02-23,6785.1,6887.42,6889.7,6785.1,14411.66
2022-02-24,6861.41,6764.88,6898.41,6688.75,21084.98
2022-02-25,6805.64,6819.43,6895.04,6801.33,15642.91
2022-02-28,6831.49,6853.31,6853.34,6770.05,13960.14
2022-03-01,6868.62,6874.04,6889.33,6837.25,13771.72
2022-03-02,6853.07,6875.24,6878.35,6828.06,13711.5
2022-03-03,6900.98,6859.55,6907.41,6843.99,18909.18
2022-03-04,6823.83,6803.83,6871.09,6779.41,17741.19
2022-03-07,6800.77,6659.39,6800.82,6628.48,16648.46
2022-03-08,6650.58,6429.89,6665.95,6416.8,18629.61
2022-03-09,6443.2,6305.61,6462.48,6066.76,19780.27
2022-03-10,6424.91,6414.94,6475.14,6390.73,15315.24
2022-03-11,6343.19,6474.13,6479.72,6270.02,15211.45
2022-03-14,6419.24,6323.58,6490.61,6323.58,13795.4
2022-03-15,6272.44,5964.98,6278.07,5964.98,19471.37
2022-03-16,6068.9,6156.27,6173.79,5824.33,17882.68
2022-03-17,6233.64,6267.52,6369.89,6225.98,17043.85
2022-03-18,6249.48,6332.22,6338.22,6231.73,15262.02
2022-03-21,6340.56,6358.94,6389.21,6284.85,15965.37
2022-03-22,6343.4,6358.11,6404.83,6313.27,15110.79
2022-03-23,6368.31,6398.1,6420.16,6353.34,14317.94
2022-03-24,6370.97,6344.12,6384.4,6315.14,13774.91
2022-03-25,6346.71,6268.24,6373.47,6268.24,13497.23
2022-03-28,6230.12,6283.28,6322.13,6176.25,14485.79
2022-03-29,6289.48,6253.07,6316.31,6233.28,14136.21
2022-03-30,6272.0,6377.87,6377.87,6261.8,16401.46
2022-03-31,6361.1,6324.96,6383.07,6313.97,17690.39
2022-04-01,6289.39,6364.52,6373.26,6274.0,17512.86
2022-04-06,6363.0,6356.93,6363.0,6279.07,19685.36
2022-04-07,6321.81,6221.59,6364.63,6221.59,19076.22
2022-04-08,6227.2,6224.12,6237.91,6117.01,18395.49
2022-04-11,6202.02,6029.89,6202.02,6001.57,17838.48
2022-04-12,6019.67,6126.91,6135.57,5964.39,17318.02
2022-04-13,6094.68,6044.33,6129.66,6039.92,16704.31
2022-04-14,6074.13,6126.49,6156.5,6060.68,15903.31
2022-04-15,6094.12,6070.75,6122.29,6048.16,18462.7
2022-04-18,6019.53,6074.01,6094.67,5975.45,14918.64
2022-04-19,6067.48,6092.4,6106.93,6052.1,14199.75
2022-04-20,6082.81,5956.92,6093.78,5942.0,15105.56
2022-04-21,5933.79,5759.8,5971.19,5742.42,15785.45
2022-04-22,5728.19,5740.98,5794.34,5667.34,13999.76
2022-04-25,5656.39,5369.72,5656.39,5369.72,18675.35
2022-04-26,5374.25,5234.01,5434.7,5225.21,17129.94
2022-04-27,5179.03,5437.04,5440.07,5158.48,17969.34
2022-04-28,5398.9,5418.76,5472.82,5339.61,15503.98
2022-04-29,5458.91,5627.9,5630.93,5443.67,18128.95
2022-05-05,5612.5,5686.7,5728.62,5606.94,16864.32
2022-05-06,5560.98,5563.77,5629.65,5542.18,15299.33
2022-05-09,5552.48,5608.52,5626.59,5537.98,13155.39
2022-05-10,5532.6,5690.09,5698.51,5519.47,16532.96
2022-05-11,5697.43,5737.82,5856.19,5696.7,18516.36
2022-05-12,5707.56,5743.1,5779.32,5687.18,13921.62
2022-05-13,5765.32,5796.8,5796.8,5731.86,13655.98
2022-05-16,5840.24,5791.08,5855.72,5767.54,15138.73
2022-05-17,5789.92,5816.34,5816.34,5724.44,13082.94
2022-05-18,5815.61,5797.49,5846.84,5785.45,12724.38
2022-05-19,5708.8,5838.41,5838.41,5700.11,13662.37
2022-05-20,5854.01,5929.49,5929.54,5849.76,16572.73
2022-05-23,5941.14,5965.73,5968.85,5908.66,15387.6
2022-05-24,5962.15,5745.68,5967.23,5745.68,17754.08
2022-05-25,5741.23,5844.25,5844.28,5736.14,14359.06
2022-05-26,5848.03,5911.56,5928.71,5780.97,16235.04
2022-05-27,5921.33,5899.92,5952.62,5854.61,14340.69
2022-05-30,5918.24,5942.83,5943.0,5867.19,13385.26
2022-05-31,5940.37,6026.24,6033.47,5902.28,15594.49
2022-06-01,6008.75,6023.64,6042.37,5970.49,15536.58
2022-06-02,6000.62,6078.43,6084.32,5987.64,15957.17
2022-06-06,6079.89,6187.44,6194.43,6070.71,18268.0
2022-06-07,6186.58,6186.57,6199.72,6136.04,17731.17
2022-06-08,6184.96,6217.83,6227.33,6110.06,18642.89
2022-06-09,6207.73,6130.69,6209.11,6088.46,17212.98
2022-06-10,6083.5,6240.1,6250.36,6078.78,19254.13
2022-06-13,6188.77,6233.62,6250.68,6172.91,18813.24
2022-06-14,6161.62,6275.57,6278.97,6061.19,19740.32
2022-06-15,6275.37,6261.06,6398.36,6261.04,23814.08
2022-06-16,6262.29,6264.82,6330.35,6242.33,19461.51
2022-06-17,6220.58,6316.31,6328.36,6181.85,16785.91
2022-06-20,6323.41,6330.39,6359.0,6277.22,17520.71
2022-06-21,6324.84,6277.0,6337.08,6215.29,16446.16
2022-06-22,6281.87,6179.57,6285.65,6176.85,15409.43
2022-06-23,6186.99,6300.47,6300.47,6142.94,16826.6
2022-06-24,6306.83,6368.28,6378.5,6304.08,15771.27
2022-06-27,6398.36,6407.74,6449.34,6390.28,16891.82
2022-06-28,6412.44,6501.35,6506.67,6392.11,17058.27
2022-06-29,6479.17,6374.3,6501.39,6370.02,19072.83
2022-06-30,6385.21,6454.08,6493.09,6385.21,16384.68
2022-07-01,6450.75,6438.54,6481.15,6423.86,14420.46
2022-07-04,6445.07,6523.13,6524.3,6405.38,15782.0
2022-07-05,6535.45,6511.53,6548.3,6435.74,18662.55
2022-07-06,6489.02,6418.55,6496.97,6359.47,17710.45
2022-07-07,6414.41,6452.99,6482.42,6380.17,15735.11
2022-07-08,6478.29,6404.44,6490.15,6404.16,15098.67
2022-07-11,6387.45,6319.14,6387.45,6274.74,15199.37
2022-07-12,6317.88,6241.48,6346.51,6238.56,14451.31
2022-07-13,6238.68,6268.49,6287.64,6207.72,14271.07
2022-07-14,6267.47,6302.43,6339.42,6254.68,14035.41
2022-07-15,6279.68,6196.8,6323.53,6196.8,15838.68
2022-07-18,6216.1,6312.36,6315.66,6200.52,15914.46
2022-07-19,6318.84,6335.71,6347.24,6283.4,14638.48
2022-07-20,6353.0,6410.71,6416.87,6351.82,14293.26
2022-07-21,6400.07,6347.6,6408.46,6347.6,14821.02
2022-07-22,6353.92,6289.53,6371.32,6236.34,13062.07
2022-07-25,6297.1,6231.24,6319.18,6213.47,12945.8
2022-07-26,6239.21,6307.96,6319.25,6213.84,11727.65
2022-07-27,6301.61,6332.23,6344.21,6286.35,12043.51
2022-07-28,6361.27,6348.17,6393.73,6339.55,13847.34
2022-07-29,6356.52,6294.11,6365.26,6285.72,13792.58
2022-08-01,6293.38,6347.22,6350.04,6253.06,12867.9
2022-08-02,6288.61,6170.0,6288.61,6095.06,18290.25
2022-08-03,6171.62,6124.31,6261.91,6111.22,14721.34
2022-08-04,6160.49,6158.73,6177.62,6080.1,11364.64
2022-08-05,6175.48,6270.51,6274.27,6163.51,12428.44
2022-08-08,6266.57,6323.07,6324.34,6249.62,11613.29
2022-08-09,6314.1,6341.48,6344.84,6290.87,11696.67
2022-08-10,6331.41,6322.06,6362.29,6298.86,11889.99
2022-08-11,6349.5,6439.36,6439.36,6341.72,14203.83
2022-08-12,6425.11,6420.85,6463.07,6416.29,14039.99
2022-08-15,6405.72,6442.81,6462.54,6394.22,13362.75
2022-08-16,6446.76,6465.19,6492.54,6440.38,13584.15
2022-08-17,6473.25,6493.5,6501.36,6428.97,14622.03
2022-08-18,6481.37,6468.81,6483.69,6448.75,13045.18
2022-08-19,6468.82,6391.72,6477.31,6390.93,14259.09
2022-08-22,6381.34,6472.68,6472.79,6363.22,13373.55
2022-08-23,6460.17,6466.4,6475.82,6436.08,13367.64
2022-08-24,6470.69,6284.58,6472.68,6277.99,15810.39
2022-08-25,6303.14,6322.7,6327.09,6225.68,14194.64
2022-08-26,6331.08,6298.37,6381.48,6286.52,13040.58
2022-08-29,6213.4,6310.4,6310.99,6205.13,12526.88
2022-08-30,6309.58,6285.93,6319.17,6248.14,13210.92
2022-08-31,6265.59,6155.75,6280.19,6132.23,14727.54
2022-09-01,6153.29,6126.77,6207.24,6118.58,11857.51
2022-09-02,6135.3,6149.43,6176.17,6117.73,10656.44
2022-09-05,6147.71,6182.65,6184.8,6122.62,11747.92
2022-09-06,6198.49,6291.57,6292.53,6187.95,12984.6
2022-09-07,6269.99,6301.56,6314.12,6256.61,12016.03
2022-09-08,6299.91,6272.58,6309.9,6266.52,11616.43
2022-09-09,6275.9,6316.97,6321.82,6254.26,12138.92
2022-09-13,6334.86,6300.42,6343.77,6291.44,11810.63
2022-09-14,6214.91,6249.96,6273.63,6206.92,10912.12
2022-09-15,6280.45,6107.8,6282.69,6053.8,14164.35
2022-09-16,6091.42,5954.5,6102.54,5954.5,13717.21
2022-09-19,5947.86,5913.15,5967.65,5880.49,10402.54
2022-09-20,5949.34,5958.29,6002.79,5940.58,8881.3
2022-09-21,5943.09,5978.58,5998.7,5876.52,10346.36
2022-09-22,5938.1,5965.89,6015.12,5931.73,9986.76
2022-09-23,5961.06,5889.6,5986.82,5839.93,10060.94
2022-09-26,5841.58,5806.32,5922.32,5798.28,10324.44
2022-09-27,5823.55,5920.05,5920.05,5808.25,9741.8
2022-09-28,5910.05,5769.52,5910.05,5769.52,9369.49
2022-09-29,5823.27,5771.88,5856.16,5741.02,9538.58
2022-09-30,5764.15,5714.06,5804.2,5714.06,8554.52
2022-10-10,5729.75,5635.71,5758.04,5618.8,9746.93
2022-10-11,5642.48,5684.51,5703.27,5606.99,8657.15
2022-10-12,5680.36,5820.45,5820.45,5594.3,10610.18
2022-10-13,5789.66,5830.34,5876.48,5780.18,10572.23
2022-10-14,5866.86,5973.44,5996.04,5866.86,11821.22
2022-10-17,5952.38,6015.6,6023.53,5945.43,11146.19
2022-10-18,6031.05,6035.67,6074.37,5996.39,10575.02
2022-10-19,6021.8,5972.72,6037.44,5970.44,9388.11
2022-10-20,5943.48,5948.86,6035.55,5886.4,10338.82
2022-10-21,5959.21,5956.88,5993.88,5928.92,9682.63
2022-10-24,5968.54,5896.9,6061.21,5857.86,11950.11
2022-10-25,5864.02,5869.78,5926.57,5785.41,10704.59
2022-10-26,5871.08,5971.6,6016.92,5871.08,11653.01
2022-10-27,5978.28,5963.0,6020.89,5962.97,11708.82
2022-10-28,5922.82,5781.8,5934.8,5760.05,13167.63
2022-10-31,5745.08,5807.11,5859.6,5743.56,12701.61
2022-11-01,5814.21,5941.15,5942.14,5786.87,13661.68
2022-11-02,5925.65,5997.8,6028.77,5916.06,14233.03
2022-11-03,5944.51,5996.72,6018.42,5937.61,10638.69
2022-11-04,5996.31,6133.46,6157.43,5996.31,13870.71
2022-11-07,6133.24,6141.41,6166.19,6100.61,13809.24
2022-11-08,6139.89,6134.26,6141.02,6095.44,10826.75
2022-11-09,6140.54,6120.83,6182.34,6118.73,10476.23
2022-11-10,6085.28,6089.7,6119.03,6061.81,11640.19
2022-11-11,6223.23,6138.62,6249.35,6134.68,17649.21
2022-11-14,6140.19,6129.51,6189.38,6104.93,15948.67
2022-11-15,6125.11,6236.38,6236.38,6112.62,14986.1
2022-11-16,6238.58,6203.92,6263.16,6190.01,12977.04
2022-11-17,6182.69,6217.21,6217.21,6148.61,12343.02
2022-11-18,6213.09,6191.65,6251.11,6181.55,13118.11
2022-11-21,6147.72,6189.71,6196.65,6116.3,11285.44
2022-11-22,6178.16,6125.4,6196.2,6100.11,11608.6
2022-11-23,6114.27,6115.6,6140.11,6045.02,11519.35
2022-11-24,6126.6,6120.07,6149.96,6099.75,10020.07
2022-11-25,6095.13,6087.86,6107.07,6062.0,10774.23
2022-11-28,5999.85,6055.28,6059.02,5970.09,11794.01
2022-11-29,6071.45,6163.82,6173.85,6071.22,15532.45
2022-11-30,6156.77,6156.15,6175.68,6118.9,15464.8
2022-12-01,6211.29,6186.1,6229.83,6186.1,15252.33
2022-12-02,6177.92,6168.01,6206.99,6154.21,11550.1
2022-12-05,6201.98,6215.12,6227.21,6182.98,17047.72
2022-12-06,6202.52,6211.25,6244.64,6185.49,14937.28
2022-12-07,6198.05,6204.01,6243.9,6183.33,13782.12
2022-12-08,6199.16,6186.28,6206.14,6168.78,13105.13
2022-12-09,6185.79,6192.3,6213.52,6159.5,16780.68
2022-12-12,6181.24,6154.81,6182.08,6146.25,13409.83
2022-12-13,6153.74,6121.66,6154.3,6113.41,10485.75
2022-12-14,6122.43,6096.39,6139.74,6084.08,9508.99
2022-12-15,6090.12,6101.88,6108.96,6078.0,8819.05
2022-12-16,6071.96,6072.86,6087.46,6036.05,9391.07
2022-12-19,6058.89,5936.48,6081.44,5911.88,10510.62
2022-12-20,5919.03,5878.03,5920.99,5857.86,7862.33
2022-12-21,5879.27,5845.84,5892.91,5819.67,6978.34
2022-12-22,5867.72,5779.06,5875.47,5761.98,8223.19
2022-12-23,5751.95,5763.35,5805.51,5732.47,6655.69
2022-12-26,5769.07,5843.26,5850.91,5769.07,7542.41
2022-12-27,5857.75,5885.66,5891.35,5832.27,8178.04
2022-12-28,5869.46,5862.1,5889.32,5848.24,9009.89
2022-12-29,5843.94,5857.4,5895.98,5835.33,7951.08
2022-12-30,5875.28,5864.47,5885.89,5848.95,7534.5
2023-01-03,5861.55,5955.9,5964.82,5848.15,9955.78
2023-01-04,5952.51,5952.45,5970.58,5922.86,9716.04
2023-01-05,5959.44,6010.46,6017.34,5950.09,9663.0
2023-01-06,6004.17,6012.82,6050.89,5998.83,9924.49
2023-01-09,6028.4,6040.02,6070.16,6023.64,10069.68
2023-01-10,6044.64,6048.3,6053.58,6017.15,9639.34
2023-01-11,6049.04,6014.16,6070.45,6004.22,9440.64
2023-01-12,6022.56,6015.29,6048.19,5995.91,9290.01
2023-01-13,6030.93,6057.69,6058.22,6015.22,9002.5
2023-01-16,6068.91,6126.18,6168.74,6068.14,12961.97
2023-01-17,6129.73,6132.64,6138.17,6107.76,9592.17
2023-01-18,6139.69,6151.46,6168.37,6136.97,9455.58
2023-01-19,6145.62,6204.33,6204.33,6130.42,9977.78
2023-01-20,6214.03,6251.43,6253.27,6214.03,11390.45
2023-01-30,6331.88,6283.33,6342.45,6279.45,14651.79
2023-01-31,6266.3,6289.15,6303.91,6259.53,13530.21
2023-02-01,6300.5,6365.91,6368.79,6293.49,15244.22
2023-02-02,6383.3,6370.14,6402.26,6347.73,14929.28
2023-02-03,6354.71,6343.69,6354.71,6267.44,12150.72
2023-02-06,6314.6,6302.33,6330.79,6274.54,10848.53
2023-02-07,6309.22,6317.24,6318.84,6273.6,10966.27
2023-02-08,6319.52,6268.28,6323.85,6263.76,10599.49
2023-02-09,6256.31,6354.56,6354.8,6250.45,10903.11
2023-02-10,6349.0,6334.25,6368.49,6296.55,12010.08
2023-02-13,6333.22,6383.83,6386.72,6331.37,13156.62
2023-02-14,6394.62,6397.21,6408.55,6369.57,12467.44
2023-02-15,6398.87,6384.35,6407.75,6365.31,11590.7
2023-02-16,6384.21,6289.48,6429.05,6244.48,16838.84
2023-02-17,6284.92,6237.41,6308.57,6237.41,11721.1
2023-02-20,6248.26,6346.07,6349.41,6227.35,14033.41
2023-02-21,6349.91,6383.42,6396.74,6337.6,14182.47
2023-02-22,6352.03,6375.07,6397.15,6344.99,10908.3
2023-02-23,6377.29,6360.32,6396.66,6328.64,11606.47
2023-02-24,6367.63,6340.84,6372.49,6308.22,9695.73
2023-02-27,6318.64,6307.21,6349.09,6288.3,10108.27
2023-02-28,6323.84,6357.54,6357.54,6293.18,9660.32
2023-03-01,6356.5,6402.14,6410.52,6340.0,12390.76
2023-03-02,6398.26,6382.23,6410.23,6375.01,12534.93
2023-03-03,6384.06,6390.32,6398.47,6346.96,12323.48
2023-03-06,6398.1,6395.22,6405.82,6362.47,12684.56
2023-03-07,6389.81,6284.3,6396.54,6284.22,13792.89
2023-03-08,6264.43,6301.52,6303.71,6258.32,9869.84
2023-03-09,6311.04,6285.95,6311.34,6258.45,9268.89
2023-03-10,6251.56,6204.9,6261.33,6202.61,10805.23
2023-03-13,6189.98,6245.0,6245.0,6178.67,10800.66
2023-03-14,6237.73,6189.4,6243.42,6127.69,12120.01
2023-03-15,6210.93,6224.64,6254.49,6210.93,11294.85
2023-03-16,6191.3,6140.83,6209.97,6133.83,12763.27
2023-03-17,6174.19,6183.18,6233.75,6169.84,13710.83
2023-03-20,6195.35,6160.35,6201.97,6152.81,14558.09
2023-03-21,6171.89,6234.68,6235.01,6171.28,12302.53
2023-03-22,6244.36,6269.74,6271.52,6242.16,12826.64
2023-03-23,6253.58,6305.76,6305.76,6245.98,12917.96
2023-03-24,6312.43,6310.1,6315.68,6279.54,14102.1
2023-03-27,6304.48,6311.6,6320.66,6265.01,14466.49
2023-03-28,6314.58,6279.92,6331.56,6272.72,13915.61
2023-03-29,6285.95,6260.55,6294.3,6239.94,13154.83
2023-03-30,6257.64,6286.18,6287.44,6213.97,12321.86
2023-03-31,6284.85,6339.82,6343.23,6282.14,12948.98
2023-04-03,6346.69,6413.81,6419.87,6346.69,16392.1
2023-04-04,6414.82,6408.9,6423.31,6377.53,15749.18
2023-04-06,6387.23,6416.85,6428.72,6382.03,14406.44
2023-04-07,6418.26,6464.47,6470.09,6416.68,12796.46
2023-04-10,6474.94,6410.52,6476.22,6395.37,14513.42
2023-04-11,6405.63,6420.88,6421.49,6381.06,14239.91
2023-04-12,6415.7,6443.44,6450.35,6407.2,14944.8
2023-04-13,6438.16,6404.65,6451.79,6396.02,15619.96
2023-04-14,6420.31,6431.07,6444.89,6390.92,14530.07
2023-04-17,6422.87,6459.24,6459.24,6421.39,16882.31
2023-04-18,6448.76,6449.85,6462.25,6422.05,14347.13
2023-04-19,6444.87,6416.97,6456.15,6404.99,14869.98
2023-04-20,6408.81,6411.76,6413.08,6376.35,15050.13
2023-04-21,6411.51,6250.54,6411.51,6250.54,16231.33
2023-04-24,6250.96,6208.78,6260.54,6184.71,14769.48
2023-04-25,6205.62,6118.15,6208.4,6042.64,16245.93
2023-04-26,6095.13,6142.15,6178.17,6093.2,15216.64
2023-04-27,6127.64,6157.94,6190.25,6121.61,14313.61
2023-04-28,6151.64,6241.24,6245.55,6151.64,16787.65
2023-05-04,6223.23,6262.39,6264.52,6218.78,20248.8
2023-05-05,6255.7,6200.58,6256.23,6172.69,17826.1
2023-05-08,6202.68,6248.58,6259.69,6200.15,20271.83
2023-05-09,6242.66,6181.98,6274.9,6177.65,22438.95
2023-05-10,6167.13,6173.81,6199.16,6137.15,17545.37
2023-05-11,6185.67,6154.47,6190.39,6151.07,14606.49
2023-05-12,6138.94,6091.65,6173.91,6088.22,14041.07
2023-05-15,6094.68,6159.39,6159.39,6036.81,14984.36
2023-05-16,6159.17,6110.83,6159.17,6095.69,12184.11
2023-05-17,6097.98,6122.05,6137.02,6090.88,10726.63
2023-05-18,6132.52,6128.18,6153.99,6101.24,12294.21
2023-05-19,6116.84,6117.08,6149.14,6085.04,11930.49
2023-05-22,6111.84,6115.32,6136.86,6086.23,11271.57
2023-05-23,6114.21,6052.43,6117.36,6052.43,11110.42
2023-05-24,6032.69,6005.79,6058.39,5988.03,10722.34
2023-05-25,6000.22,5988.19,6028.64,5926.2,10992.28
2023-05-26,5983.14,6034.98,6045.13,5953.88,10638.16
2023-05-29,6046.54,6025.16,6058.92,6012.4,12513.94
2023-05-30,6008.46,6061.31,6061.31,5960.34,12731.2
2023-05-31,6044.02,6047.8,6063.19,6009.25,11747.61
2023-06-01,6028.8,6051.46,6094.24,6008.27,12625.03
2023-06-02,6061.91,6105.22,6115.07,6061.91,12230.67
2023-06-05,6102.13,6097.11,6107.12,6075.59,11574.8
2023-06-06,6088.66,5983.42,6089.07,5969.29,12304.54
2023-06-07,5982.31,5987.01,6010.03,5969.16,9359.79
2023-06-08,5971.72,5966.15,5992.97,5922.39,10898.16
2023-06-09,5968.7,6009.58,6017.28,5960.11,12755.34
2023-06-12,5999.62,6027.71,6045.66,5987.27,11361.25
2023-06-13,6016.69,6044.04,6047.06,6014.06,9868.03
2023-06-14,6046.44,6044.08,6064.29,6034.47,10968.9
2023-06-15,6049.47,6096.81,6100.23,6046.16,11841.77
2023-06-16,6094.84,6148.01,6154.93,6091.18,11534.96
2023-06-19,6148.85,6131.38,6148.85,6126.39,11378.72
2023-06-20,6122.74,6126.11,6144.01,6100.14,10663.08
2023-06-21,6104.25,5990.85,6104.25,5990.79,10644.78
2023-06-26,5947.57,5887.03,5970.61,5875.94,11108.18
2023-06-27,5897.69,5948.0,5956.18,5884.95,9303.92
2023-06-28,5945.64,5942.31,5951.13,5857.13,9394.43
2023-06-29,5928.71,5940.58,5964.86,5924.28,8837.69
2023-06-30,5931.87,5998.73,6016.45,5927.94,9450.47
2023-07-03,6009.27,6042.31,6056.16,5997.85,11307.59
2023-07-04,6042.72,6055.26,6059.57,6027.29,10558.38
2023-07-05,6050.35,6020.82,6059.38,6011.87,10412.9
2023-07-06,6010.66,5988.55,6042.29,5983.48,9396.5
2023-07-07,5973.98,5961.61,5994.28,5936.23,9411.83
2023-07-10,5980.61,5984.28,6003.4,5958.73,8516.86
2023-07-11,5991.02,6029.23,6029.23,5972.14,8453.19
2023-07-12,6030.64,5962.79,6033.58,5960.43,9669.22
2023-07-13,5986.25,6044.06,6049.06,5986.25,9965.64
2023-07-14,6052.95,6030.52,6055.53,6026.33,9496.32
2023-07-17,6012.76,6012.69,6018.07,5985.44,8842.02
2023-07-18,6015.98,6001.8,6027.61,5984.06,8771.99
2023-07-19,5998.38,5993.41,6017.45,5962.99,7779.1
2023-07-20,5996.84,5925.48,6009.43,5920.15,9119.54
2023-07-21,5914.35,5925.63,5961.05,5904.79,8197.53
2023-07-24,5913.57,5916.71,5954.24,5896.45,7592.8
2023-07-25,5976.97,6016.63,6016.75,5971.73,13189.64
2023-07-26,6014.76,6001.54,6015.58,5984.39,12182.52
2023-07-27,5998.85,5961.18,6017.67,5952.89,12300.08
2023-07-28,5945.91,6043.24,6049.76,5932.06,16317.19
2023-07-31,6059.11,6088.24,6133.72,6059.11,18655.11
2023-08-01,6086.9,6098.88,6113.98,6077.11,18758.86
2023-08-02,6088.14,6077.46,6111.24,6059.87,14715.45
2023-08-03,6062.64,6098.69,6101.81,6047.68,14647.9
2023-08-04,6126.15,6128.56,6164.16,6105.64,19694.35
2023-08-07,6115.84,6090.73,6117.92,6072.54,14531.91
2023-08-08,6077.3,6066.1,6088.1,6044.24,12154.57
2023-08-09,6049.45,6021.75,6062.02,6012.25,9880.92
2023-08-10,6013.35,6031.71,6040.46,5999.56,9984.26
2023-08-11,6030.05,5913.35,6030.05,5913.35,11307.2
2023-08-14,5864.48,5916.8,5919.8,5833.46,10367.57
2023-08-15,5919.77,5879.78,5926.42,5830.97,9241.74
2023-08-16,5858.6,5833.22,5891.81,5833.22,10495.04
2023-08-17,5808.91,5874.36,5882.15,5778.53,11357.64
2023-08-18,5875.11,5777.8,5891.4,5777.8,10293.18
2023-08-21,5764.67,5710.78,5802.51,5710.78,9283.57
2023-08-22,5733.25,5741.06,5754.57,5646.51,10617.52
2023-08-23,5732.39,5629.5,5732.39,5629.5,9418.67
2023-08-24,5650.36,5652.67,5701.32,5619.33,10808.68
2023-08-25,5624.77,5581.21,5648.62,5560.22,10624.16
2023-08-28,5885.88,5644.14,5887.51,5631.69,18574.56
2023-08-29,5631.01,5770.32,5789.96,5626.52,16085.19
2023-08-30,5780.28,5775.15,5817.73,5753.22,13600.44
2023-08-31,5770.95,5739.4,5777.42,5728.47,11633.51
2023-09-01,5746.41,5750.8,5775.18,5732.97,10417.91
2023-09-04,5772.03,5829.78,5829.78,5758.03,13564.89
2023-09-05,5819.97,5788.71,5822.06,5779.37,10651.77
2023-09-06,5771.85,5790.38,5800.96,5748.65,9048.05
2023-09-07,5782.07,5702.7,5782.07,5701.8,9292.05
2023-09-08,5684.66,5708.62,5732.37,5683.4,7952.0
2023-09-11,5723.02,5774.73,5802.21,5704.7,11283.71
2023-09-12,5774.47,5770.93,5793.83,5763.3,8604.12
2023-09-13,5764.82,5715.4,5770.41,5681.5,9147.25
2023-09-14,5714.67,5702.1,5721.21,5679.2,9024.78
2023-09-15,5716.29,5704.66,5741.07,5680.9,9837.6
2023-09-18,5685.85,5719.69,5734.19,5665.58,9230.57
2023-09-19,5713.49,5687.9,5713.6,5670.42,8511.21
2023-09-20,5677.92,5651.01,5689.83,5651.01,7763.42
2023-09-21,5638.44,5611.92,5666.7,5609.21,8193.15
2023-09-22,5606.83,5698.82,5700.32,5603.81,10411.9
2023-09-25,5694.9,5666.66,5699.15,5659.32,9334.07
2023-09-26,5661.03,5646.65,5682.28,5646.65,7430.96
2023-09-27,5642.39,5674.35,5701.51,5641.85,8108.62
2023-09-28,5687.64,5690.77,5704.62,5677.53,7947.73
2023-10-09,5679.64,5658.08,5680.95,5634.35,9002.98
2023-10-10,5665.66,5630.37,5678.46,5627.41,8772.64
2023-10-11,5639.07,5629.79,5674.25,5617.87,9064.48
2023-10-12,5655.61,5671.64,5677.82,5642.49,10050.3
2023-10-13,5645.44,5633.38,5646.07,5616.85,8939.17
2023-10-16,5633.3,5580.67,5636.32,5559.42,8986.76
2023-10-17,5585.14,5595.34,5599.42,5556.57,9251.67
2023-10-18,5586.02,5524.6,5586.02,5519.46,9895.36
2023-10-19,5496.76,5464.03,5529.87,5463.65,10807.83
2023-10-20,5443.46,5423.67,5473.21,5413.02,9493.61
2023-10-23,5400.54,5290.33,5400.79,5269.83,10308.31
2023-10-24,5311.67,5352.01,5363.2,5290.5,11474.57
2023-10-25,5386.43,5376.0,5423.01,5376.0,11492.12
2023-10-26,5351.16,5398.93,5404.99,5337.49,10248.5
2023-10-27,5387.27,5492.03,5514.31,5380.94,11254.28
2023-10-30,5484.62,5546.39,5559.78,5483.16,12303.42
2023-10-31,5547.32,5528.24,5554.19,5505.93,10567.94
2023-11-01,5534.89,5509.97,5534.94,5496.83,8718.58
2023-11-02,5514.52,5459.45,5532.85,5457.75,9020.26
2023-11-03,5462.14,5510.36,5537.73,5462.14,9799.06
2023-11-06,5549.29,5605.06,5609.26,5549.29,13924.1
2023-11-07,5594.47,5611.1,5631.1,5578.51,12057.93
2023-11-08,5602.97,5608.02,5633.97,5577.39,12299.46
2023-11-09,5602.49,5592.06,5638.08,5582.12,10636.28
2023-11-10,5577.34,5573.1,5585.21,5550.82,9432.4
2023-11-13,5589.06,5605.57,5605.57,5565.09,10215.89
2023-11-14,5602.98,5630.55,5639.19,5600.78,10107.31
2023-11-15,5677.55,5664.62,5684.75,5649.72,11308.79
2023-11-16,5647.06,5609.36,5652.4,5609.36,9466.27
2023-11-17,5598.95,5631.42,5632.39,5593.49,8942.23
2023-11-20,5635.59,5659.77,5669.38,5609.27,10310.51
2023-11-21,5669.17,5641.08,5696.09,5634.27,11486.12
2023-11-22,5622.86,5572.9,5639.0,5572.9,10471.84
2023-11-23,5566.73,5622.99,5627.79,5548.97,9804.24
2023-11-24,5619.32,5570.42,5619.32,5556.71,10124.8
2023-11-27,5562.75,5566.51,5579.72,5531.65,9821.87
2023-11-28,5561.58,5591.5,5594.72,5529.54,8937.33
2023-11-29,5588.77,5553.33,5593.37,5547.84,8950.92
2023-11-30,5548.52,5545.05,5560.33,5509.96,8784.15
2023-12-01,5541.23,5566.87,5576.73,5521.06,9337.17
2023-12-04,5578.42,5559.07,5590.84,5559.07,9930.65
2023-12-05,5542.87,5460.41,5542.87,5460.41,9129.82
2023-12-06,5448.46,5481.82,5513.09,5443.07,8837.4
2023-12-07,5475.27,5481.14,5501.48,5443.29,8904.87
2023-12-08,5484.68,5497.99,5522.06,5477.53,11812.38
2023-12-11,5473.65,5564.85,5574.12,5429.44,11860.59
2023-12-12,5560.44,5566.18,5576.01,5545.16,8423.23
2023-12-13,5557.05,5507.51,5558.06,5507.51,7592.99
2023-12-14,5532.99,5489.33,5557.37,5487.75,7411.81
2023-12-15,5499.37,5449.79,5516.22,5438.53,8012.54
2023-12-18,5436.99,5385.27,5448.08,5374.59,7802.25
2023-12-19,5380.73,5379.87,5406.96,5344.03,7032.37
2023-12-20,5386.0,5309.29,5388.46,5308.57,7538.71
2023-12-21,5286.45,5338.76,5352.5,5253.32,8152.23
2023-12-22,5337.38,5311.69,5366.23,5293.22,9038.7
2023-12-25,5301.57,5315.37,5339.66,5288.47,6591.88
2023-12-26,5312.8,5258.28,5313.92,5238.04,6753.2
2023-12-27,5261.57,5285.53,5293.8,5235.46,7539.79
2023-12-28,5280.69,5382.8,5400.24,5275.4,10769.92
2023-12-29,5376.98,5429.23,5437.15,5374.69,9093.18
2024-01-02,5431.48,5409.46,5439.48,5409.46,9296.47
2024-01-03,5398.29,5401.4,5428.52,5373.83,8670.52
2024-01-04,5395.14,5355.32,5395.14,5331.89,7884.66
2024-01-05,5347.07,5281.87,5373.68,5260.59,8953.89
2024-01-08,5268.23,5167.7,5268.98,5167.7,8378.52
2024-01-09,5176.11,5180.65,5220.46,5153.0,7874.04
2024-01-10,5167.73,5158.08,5211.82,5118.43,7117.39
2024-01-11,5152.36,5223.86,5243.14,5146.9,8504.13
2024-01-12,5213.14,5206.18,5262.62,5206.16,7661.98
2024-01-15,5189.53,5193.3,5238.96,5171.24,7392.51
2024-01-16,5188.37,5190.4,5210.08,5124.08,8307.04
2024-01-17,5180.93,5061.54,5180.93,5061.54,7874.18
2024-01-18,5033.1,5066.96,5069.23,4924.68,11875.11
2024-01-19,5056.48,5018.43,5084.29,5014.77,7846.74
2024-01-22,5008.68,4780.97,5008.77,4753.63,10970.85
2024-01-23,4771.5,4865.74,4889.42,4727.88,9994.47
2024-01-24,4886.2,4933.7,4941.44,4766.8,11402.58
2024-01-25,4931.63,5073.18,5074.49,4910.96,13230.78
2024-01-26,5055.29,5027.09,5086.13,5009.97,11700.98
2024-01-29,5032.11,4927.91,5050.11,4927.91,11687.67
2024-01-30,4898.36,4814.99,4939.35,4810.1,9967.58
2024-01-31,4786.81,4696.98,4832.4,4690.94,12109.32
2024-02-01,4667.91,4678.73,4771.05,4629.99,11147.19
2024-02-02,4686.1,4563.22,4724.05,4435.56,13750.18
2024-02-05,4527.71,4460.26,4598.06,4281.24,16595.83
2024-02-06,4411.3,4805.9,4817.12,4405.31,17305.83
2024-02-07,4813.95,5109.57,5110.8,4813.23,22719.89
2024-02-08,5131.8,5150.23,5367.22,5129.78,21367.61
2024-02-19,5225.14,5141.6,5225.14,5074.76,16294.99
2024-02-20,5107.57,5140.96,5151.72,5072.88,12164.64
2024-02-21,5101.41,5139.04,5252.88,5074.82,15087.25
2024-02-22,5133.55,5176.34,5184.62,5117.68,11661.48
2024-02-23,5190.65,5197.71,5197.71,5118.57,13526.5
2024-02-26,5194.74,5195.46,5255.36,5162.95,14401.89
2024-02-27,5174.82,5307.8,5307.8,5160.88,13897.18
2024-02-28,5311.43,5184.05,5383.32,5184.05,20256.1
2024-02-29,5154.15,5346.79,5349.77,5154.15,16079.02
2024-03-01,5350.86,5379.05,5387.78,5321.56,14229.84
2024-03-04,5386.94,5388.82,5400.12,5325.96,14392.85
2024-03-05,5358.22,5351.83,5382.98,5329.97,14081.65
2024-03-06,5332.83,5350.1,5405.49,5293.95,12109.96
2024-03-07,5354.33,5277.3,5384.66,5277.3,13983.13
2024-03-08,5282.41,5349.6,5361.71,5268.53,12146.8
2024-03-11,5342.18,5441.05,5443.04,5339.26,14298.17
2024-03-12,5445.88,5423.72,5473.29,5385.14,14707.25
2024-03-13,5430.04,5415.11,5459.32,5389.53,12974.63
2024-03-14,5415.15,5392.93,5447.54,5352.12,13188.74
2024-03-15,5380.02,5454.15,5456.73,5357.18,13640.5
2024-03-18,5472.31,5528.45,5528.45,5459.55,15986.26
2024-03-19,5514.55,5478.22,5533.64,5477.12,14677.72
2024-03-20,5469.61,5493.41,5499.24,5455.76,12627.33
2024-03-21,5505.7,5465.83,5517.46,5454.23,12948.95
2024-03-22,5454.41,5384.57,5463.54,5356.11,13709.6
2024-03-25,5369.78,5294.75,5401.6,5292.64,13077.83
2024-03-26,5291.52,5284.42,5318.88,5237.9,11646.81
2024-03-27,5280.73,5156.68,5282.7,5156.68,11010.71
2024-03-28,5156.48,5223.81,5276.64,5156.48,11631.82
2024-03-29,5220.55,5286.16,5287.04,5211.19,10904.71
2024-04-01,5309.83,5401.22,5401.78,5309.83,13673.49
2024-04-02,5395.48,5381.23,5402.16,5353.31,13214.86
2024-04-03,5373.5,5374.6,5386.34,5350.16,13362.81
2024-04-08,5358.96,5298.59,5383.66,5297.56,14858.86
2024-04-09,5294.47,5342.9,5342.9,5284.96,11330.07
2024-04-10,5335.73,5275.47,5335.73,5242.86,11790.86
2024-04-11,5244.05,5301.81,5353.81,5240.51,12774.51
2024-04-12,5307.72,5277.22,5336.45,5270.46,11852.49
2024-04-15,5270.04,5339.72,5376.05,5219.43,15921.76
2024-04-16,5309.1,5191.55,5346.76,5184.65,16258.4
2024-04-17,5211.25,5339.75,5339.75,5211.25,14759.46
2024-04-18,5317.8,5349.84,5410.7,5299.23,15349.77
2024-04-19,5322.36,5314.87,5369.95,5292.02,14213.42
2024-04-22,5289.41,5267.58,5340.63,5264.19,13526.69
2024-04-23,5257.77,5208.27,5280.06,5196.96,12580.11
2024-04-24,5210.18,5263.04,5263.04,5183.7,11729.72
2024-04-25,5240.48,5259.34,5297.16,5229.82,11083.39
2024-04-26,5258.38,5372.12,5379.67,5258.38,17377.77
2024-04-29,5371.21,5478.49,5488.28,5371.21,19093.61
2024-04-30,5471.17,5441.14,5478.04,5436.58,16279.73
2024-05-06,5498.44,5528.6,5535.95,5496.91,16579.16
2024-05-07,5532.32,5527.08,5543.13,5507.5,13653.54
2024-05-08,5516.45,5458.76,5516.45,5454.87,12395.56
2024-05-09,5461.36,5556.77,5568.73,5461.36,13112.12
2024-05-10,5562.19,5535.4,5570.57,5497.5,12868.8
2024-05-13,5503.13,5505.26,5527.2,5462.51,13162.76
2024-05-14,5508.47,5500.74,5538.74,5484.96,11899.44
2024-05-15,5495.56,5446.66,5497.08,5441.35,11012.5
2024-05-16,5461.11,5424.67,5475.37,5408.13,12210.81
2024-05-17,5418.66,5491.89,5493.2,5409.7,12691.62
2024-05-20,5496.79,5523.5,5536.66,5484.36,14497.14
2024-05-21,5511.48,5478.91,5513.42,5460.98,10869.12
2024-05-22,5472.01,5468.61,5486.3,5455.08,11305.78
2024-05-23,5448.94,5362.31,5448.94,5352.39,12665.76
2024-05-24,5348.51,5313.45,5400.16,5311.49,10656.42
2024-05-27,5325.85,5371.37,5373.11,5284.51,11564.32
2024-05-28,5363.33,5316.13,5365.47,5310.32,11096.54
2024-05-29,5308.59,5328.31,5361.74,5305.96,10436.13
2024-05-30,5316.4,5308.66,5349.69,5296.49,10735.02
2024-05-31,5310.72,5308.54,5357.02,5308.54,10415.11
2024-06-03,5300.79,5274.07,5316.34,5232.69,12696.85
2024-06-04,5263.23,5341.95,5352.28,5247.58,10808.31
2024-06-05,5328.87,5277.94,5347.43,5277.94,10579.28
2024-06-06,5291.52,5228.8,5305.88,5213.66,13336.82
2024-06-07,5247.15,5208.98,5258.82,5172.05,11352.75
2024-06-11,5182.41,5217.47,5232.85,5159.33,11643.71
2024-06-12,5209.13,5232.95,5245.99,5205.57,10306.56
2024-06-13,5231.91,5194.59,5233.8,5182.74,11823.28
2024-06-14,5180.29,5213.09,5235.88,5163.38,13399.86
2024-06-17,5189.28,5207.13,5223.59,5184.6,10797.07
2024-06-18,5207.98,5230.89,5243.59,5204.97,9409.09
2024-06-19,5235.48,5168.82,5236.3,5168.82,8784.96
2024-06-20,5162.16,5094.57,5184.75,5092.29,9560.9
2024-06-21,5079.92,5102.33,5128.14,5071.65,8383.89
2024-06-24,5072.8,4992.91,5078.96,4986.77,10018.66
2024-06-25,4989.07,4948.63,5007.34,4918.04,9163.68
2024-06-26,4942.17,5020.43,5024.77,4915.66,9339.46
2024-06-27,4998.99,4928.05,5000.18,4925.16,8853.72
2024-06-28,4914.67,4942.78,5003.41,4914.55,10630.83
2024-07-01,4943.79,5003.16,5017.61,4929.09,9731.28
2024-07-02,5000.58,4949.48,5002.74,4934.12,9620.93
2024-07-03,4945.4,4910.92,4950.51,4905.39,8452.83
2024-07-04,4917.44,4834.5,4935.61,4827.34,9100.85
2024-07-05,4828.86,4866.26,4877.93,4794.13,8313.33
2024-07-08,4857.02,4783.62,4857.27,4768.56,9025.45
2024-07-09,4775.31,4876.9,4888.48,4745.32,11140.2
2024-07-10,4857.48,4844.16,4891.37,4836.17,10095.32
2024-07-11,4902.81,4939.73,4941.7,4871.17,11527.55
2024-07-12,4926.98,4919.36,4937.35,4905.8,9717.51
2024-07-15,4903.52,4883.9,4903.52,4868.74,8682.43
2024-07-16,4877.6,4898.36,4907.83,4850.43,8726.8
2024-07-17,4893.41,4856.58,4900.36,4853.6,9690.95
2024-07-18,4822.13,4877.69,4879.69,4793.43,9665.48
2024-07-19,4853.04,4872.05,4900.38,4842.93,9329.07
2024-07-22,4872.64,4865.98,4885.36,4839.11,9271.05
2024-07-23,4862.97,4722.8,4862.97,4722.8,10240.37
2024-07-24,4712.29,4668.06,4738.76,4661.83,11267.46
2024-07-25,4644.42,4665.45,4710.46,4635.24,8860.01
2024-07-26,4670.45,4736.38,4744.45,4670.45,8647.2
2024-07-29,4740.5,4708.84,4742.15,4702.98,8110.2
2024-07-30,4694.52,4699.28,4712.04,4650.56,8335.34
2024-07-31,4694.73,4886.41,4887.92,4687.05,14318.09
2024-08-01,4893.87,4852.97,4928.24,4834.65,11321.34
2024-08-02,4816.94,4788.62,4874.71,4783.12,9852.98
2024-08-05,4756.08,4693.85,4846.54,4693.82,11333.81
2024-08-06,4740.45,4750.78,4774.93,4699.18,10777.48
2024-08-07,4747.98,4751.94,4783.42,4719.94,9698.95
2024-08-08,4737.09,4755.81,4791.66,4701.79,10430.93
2024-08-09,4778.26,4720.31,4805.1,4720.31,10881.96
2024-08-12,4716.96,4714.16,4737.19,4696.05,8910.08
2024-08-13,4713.96,4731.84,4731.84,4680.59,8136.52
2024-08-14,4729.81,4667.07,4730.24,4667.07,7458.8
2024-08-15,4656.7,4698.38,4746.41,4647.79,9097.33
2024-08-16,4703.6,4670.38,4708.02,4662.11,8737.96
2024-08-19,4666.33,4682.96,4729.87,4666.26,8713.69
2024-08-20,4684.29,4602.01,4686.36,4590.39,9184.61
2024-08-21,4589.09,4587.12,4610.87,4582.27,8352.69
2024-08-22,4589.5,4533.37,4595.05,4526.25,8585.69
2024-08-23,4523.99,4537.09,4549.3,4513.2,7577.84
2024-08-26,4542.86,4544.36,4558.59,4523.73,8711.83
2024-08-27,4532.49,4495.29,4532.49,4487.09,8252.92
2024-08-28,4486.43,4500.01,4527.77,4482.03,8268.12
2024-08-29,4483.55,4557.9,4577.79,4475.22,10311.56
2024-08-30,4557.5,4639.11,4704.34,4548.38,15159.34
2024-09-02,4631.9,4546.88,4632.31,4546.84,12636.85
2024-09-03,4543.22,4596.48,4612.28,4543.22,9858.97
2024-09-04,4567.69,4582.08,4623.38,4552.3,9243.57
2024-09-05,4585.17,4601.09,4630.64,4582.05,8058.37
2024-09-06,4609.34,4537.45,4613.31,4535.35,9014.76
2024-09-09,4517.57,4507.19,4541.79,4487.84,9194.46
2024-09-10,4509.32,4507.71,4528.67,4432.91,9852.95
2024-09-11,4490.19,4514.92,4529.35,4479.03,8520.68
2024-09-12,4518.99,4496.59,4568.75,4496.59,8665.43
2024-09-13,4500.39,4450.96,4509.07,4450.96,9253.38
2024-09-18,4450.09,4462.87,4474.72,4397.16,9098.97
2024-09-19,4481.46,4520.39,4565.39,4437.54,11561.19
2024-09-20,4514.96,4498.39,4515.81,4471.94,9431.2
2024-09-23,4495.78,4494.69,4545.54,4483.13,8993.52
2024-09-24,4524.22,4689.6,4690.57,4503.12,17714.47
2024-09-25,4743.63,4731.48,4847.2,4724.43,20459.35
2024-09-26,4726.0,4938.18,4938.18,4719.35,22993.03
2024-09-27,5027.26,5201.67,5227.96,5021.51,23017.75
2024-09-30,5449.79,5743.22,5757.92,5387.34,38870.32
2024-10-08,6417.81,6155.58,6417.81,5868.85,49354.64
2024-10-09,6013.7,5735.64,6088.08,5704.48,43115.64
2024-10-10,5768.61,5690.88,5875.94,5597.48,35348.02
2024-10-11,5650.05,5470.81,5652.85,5408.87,24438.34
2024-10-14,5503.65,5608.15,5623.97,5408.39,25060.85
2024-10-15,5578.26,5472.56,5661.07,5471.88,23899.7
2024-10-16,5393.67,5461.09,5546.18,5393.67,20545.09
2024-10-17,5499.77,5418.99,5541.03,5417.88,20276.87
2024-10-18,5416.03,5640.02,5774.14,5404.2,28711.42
2024-10-21,5680.56,5704.23,5797.88,5631.23,26688.52
2024-10-22,5703.32,5753.85,5779.3,5673.79,23702.36
2024-10-23,5745.11,5776.38,5853.46,5727.77,27341.26
2024-10-24,5747.56,5726.7,5759.87,5694.78,20769.0
2024-10-25,5735.29,5809.69,5855.26,5729.44,23672.57
2024-10-28,5816.33,5883.72,5883.72,5787.48,27065.38
2024-10-29,5903.31,5812.53,5917.21,5807.29,27537.11
2024-10-30,5793.83,5837.93,5869.11,5777.43,25202.13
2024-10-31,5839.98,5901.29,5935.18,5812.03,31354.92
2024-11-01,5893.32,5831.82,5934.2,5795.08,36984.06
2024-11-04,5835.39,5928.91,5928.91,5835.39,28655.23
2024-11-05,5925.87,6111.97,6119.25,5910.89,36634.45
2024-11-06,6134.92,6125.79,6204.53,6081.81,41518.77
2024-11-07,6061.73,6239.56,6240.76,6049.59,41841.33
2024-11-08,6306.8,6222.45,6333.68,6206.29,38564.83
2024-11-11,6211.03,6330.62,6330.8,6199.06,33409.69
2024-11-12,6349.23,6263.88,6382.98,6205.1,33285.69
2024-11-13,6234.16,6259.84,6282.28,6162.9,26040.07
2024-11-14,6240.61,6078.31,6240.61,6068.66,23974.31
2024-11-15,6055.54,5924.48,6093.42,5924.35,23622.6
2024-11-18,5940.49,5833.04,5977.49,5799.91,28252.72
2024-11-19,5836.61,5936.6,5936.93,5776.2,24140.42
2024-11-20,5920.32,5992.39,6015.23,5909.11,21734.52
2024-11-21,5973.15,5985.31,6009.63,5937.81,20619.89
2024-11-22,5969.08,5750.25,5983.34,5750.25,22506.67
2024-11-25,5754.55,5735.65,5774.82,5662.09,18600.51
2024-11-26,5727.37,5690.48,5773.36,5688.58,14756.29
2024-11-27,5669.55,5804.94,5805.64,5604.0,17531.33
2024-11-28,5802.8,5757.6,5826.49,5749.29,17218.35
2024-11-29,5748.17,5851.94,5899.87,5736.41,20425.55
2024-12-02,5853.71,5943.62,5956.6,5848.42,23618.13
2024-12-03,5946.74,5932.12,5954.66,5877.8,20987.05
2024-12-04,5929.48,5879.27,5940.85,5850.91,21599.16
2024-12-05,5855.74,5901.99,5923.62,5853.53,19854.22
2024-12-06,5903.5,5979.2,6011.77,5877.04,26532.95
2024-12-09,5983.33,5947.11,6004.23,5911.36,28446.22
2024-12-10,6132.29,5992.09,6141.07,5982.58,32052.78
2024-12-11,5973.33,6047.11,6051.47,5972.27,25388.39
2024-12-12,6048.78,6100.39,6107.71,6023.23,24365.37
2024-12-13,6065.95,5988.29,6065.95,5988.29,28632.82
2024-12-16,5983.16,5912.6,5991.58,5888.04,21464.74
2024-12-17,5896.97,5848.16,5924.62,5837.25,19310.85
2024-12-18,5861.26,5888.62,5921.98,5853.16,18799.63
2024-12-19,5829.26,5901.92,5918.49,5816.47,19653.12
2024-12-20,5889.95,5917.18,5962.42,5889.95,17809.04
2024-12-23,5917.69,5818.55,5935.15,5815.34,17731.55
2024-12-24,5827.16,5895.26,5897.19,5827.16,16736.58
2024-12-25,5896.43,5840.29,5897.51,5796.65,15727.91
2024-12-26,5830.72,5887.06,5897.48,5830.72,14531.94
2024-12-27,5892.69,5899.17,5975.79,5881.72,17908.55
2024-12-30,5890.46,5898.88,5928.57,5867.85,15556.56
2024-12-31,5902.03,5725.73,5905.46,5725.73,18215.89
2025-01-02,5717.92,5545.82,5722.11,5498.82,19376.32
2025-01-03,5552.75,5427.8,5581.4,5419.74,17407.73
2025-01-06,5421.07,5427.1,5482.63,5384.33,14626.57
2025-01-07,5429.17,5484.68,5485.58,5405.13,14506.53
2025-01-08,5462.32,5461.59,5501.66,5326.93,16384.99
2025-01-09,5437.81,5456.59,5493.68,5436.7,12983.26
2025-01-10,5449.0,5369.28,5496.38,5369.28,13017.96
2025-01-13,5319.7,5381.7,5422.01,5319.27,11968.29
2025-01-14,5393.76,5572.27,5582.84,5378.59,17214.29
2025-01-15,5559.58,5522.46,5569.19,5509.58,13839.32
2025-01-16,5546.7,5545.63,5633.85,5508.91,14931.81
2025-01-17,5524.21,5587.29,5621.94,5519.41,12669.12
2025-01-20,5621.92,5614.33,5665.18,5598.16,13571.25
2025-01-21,5639.6,5633.92,5642.92,5573.5,12649.13
2025-01-22,5606.85,5607.06,5618.58,5567.78,11537.5
2025-01-23,5659.37,5584.25,5717.69,5584.25,16342.0
2025-01-24,5570.48,5649.95,5660.43,5570.48,13943.81
2025-01-27,5660.48,5589.34,5676.03,5589.34,13654.61
2025-02-05,5643.17,5614.39,5646.04,5588.56,15567.41
2025-02-06,5606.87,5747.9,5749.02,5597.32,18142.82
2025-02-07,5750.29,5833.99,5889.43,5741.73,23271.89
2025-02-10,5858.24,5888.55,5895.41,5836.17,20930.09
2025-02-11,5890.37,5858.28,5890.37,5827.38,18192.05
2025-02-12,5841.36,5940.53,5940.54,5841.32,19544.62
2025-02-13,5938.2,5898.26,5957.58,5889.7,22828.18
2025-02-14,5893.93,5947.8,5954.48,5886.95,21191.43
2025-02-17,5979.84,5948.72,5985.36,5906.27,23390.17
2025-02-18,5935.5,5840.71,5947.93,5816.05,21494.15
2025-02-19,5834.95,5943.88,5945.35,5831.48,20529.83
2025-02-20,5941.6,5957.55,5977.73,5920.57,19820.74
2025-02-21,5969.65,6057.06,6061.82,5943.19,25231.71
2025-02-24,6057.38,6044.97,6079.02,6007.18,24381.38
2025-02-25,5967.04,5979.97,6044.76,5956.18,20683.4
2025-02-26,5990.29,6051.74,6055.87,5973.86,21086.09
2025-02-27,6050.19,6028.99,6064.49,5940.34,21665.29
2025-02-28,5997.92,5859.87,6007.47,5847.15,20522.38
2025-03-03,5875.95,5885.77,5964.27,5851.56,18502.46
2025-03-04,5845.47,5937.63,5943.08,5843.46,15392.22
2025-03-05,5937.11,5950.7,5955.9,5892.53,16307.15
2025-03-06,5980.38,6047.77,6062.54,5972.6,21304.29
2025-03-07,6029.38,6013.77,6067.35,5989.32,20743.71
2025-03-10,6022.68,6013.62,6041.52,5971.81,17304.43
2025-03-11,5944.42,6044.97,6044.97,5942.91,17385.56
2025-03-12,6068.38,6040.5,6098.24,6038.82,18476.35
2025-03-13,6032.85,5993.97,6050.18,5947.78,19371.07
2025-03-14,5993.97,6099.98,6099.98,5978.53,21924.58
2025-03-17,6119.61,6108.02,6129.85,6098.51,18431.73
2025-03-18,6126.04,6133.3,6161.23,6114.21,16602.3
2025-03-19,6117.42,6101.44,6128.23,6076.56,15389.38
2025-03-20,6094.84,6059.49,6109.18,6055.38,14718.79
2025-03-21,6038.99,5971.93,6071.08,5951.8,17410.38
2025-03-24,5973.05,5969.08,5987.06,5882.88,16919.24
2025-03-25,5969.42,5946.95,5993.93,5929.67,14748.39
2025-03-26,5935.85,5948.5,5983.47,5935.85,13670.21
2025-03-27,5932.52,5957.6,6000.66,5891.77,13470.89
2025-03-28,5954.73,5916.03,5973.8,5904.92,13426.19
2025-03-31,5886.96,5857.77,5908.3,5802.42,15425.61
2025-04-01,5870.94,5892.85,5931.5,5867.85,13644.86
2025-04-02,5884.89,5899.09,5936.65,5884.11,11216.0
2025-04-03,5842.62,5845.5,5906.71,5817.97,13493.86
2025-04-07,5523.96,5287.03,5587.85,5212.68,23652.27
2025-04-08,5279.76,5326.91,5371.18,5249.23,22384.07
2025-04-09,5249.68,5439.77,5465.14,5135.97,24511.8
2025-04-10,5534.56,5544.06,5610.19,5513.95,21196.3
2025-04-11,5514.19,5581.32,5631.6,5510.89,16441.17
2025-04-14,5633.78,5627.14,5661.8,5608.73,15548.71
2025-04-15,5625.0,5602.53,5626.68,5567.03,12327.37
2025-04-16,5589.78,5556.86,5592.67,5492.65,13253.72
2025-04-17,5527.59,5557.01,5604.62,5526.89,11365.24
2025-04-18,5546.97,5560.72,5579.48,5525.4,11164.43
2025-04-21,5556.51,5642.38,5646.22,5535.7,12311.19
2025-04-22,5634.89,5624.21,5651.55,5617.88,12466.67
2025-04-23,5647.91,5634.95,5670.26,5614.77,12700.78
2025-04-24,5633.02,5605.88,5651.53,5583.43,12269.67
2025-04-25,5613.14,5627.18,5661.59,5596.53,14000.08
2025-04-28,5624.42,5598.3,5628.08,5587.79,13621.81
2025-04-29,5583.72,5604.91,5622.02,5571.24,12674.29
2025-04-30,5604.65,5631.82,5647.78,5603.17,13838.66
2025-05-06,5668.88,5740.33,5740.33,5666.47,16277.36
2025-05-07,5805.66,5750.29,5819.24,5713.27,17101.18
2025-05-08,5731.72,5773.81,5783.79,5724.95,13614.03
2025-05-09,5770.44,5721.72,5770.44,5705.17,12393.9
2025-05-12,5751.44,5793.67,5794.52,5737.46,13582.44
2025-05-13,5838.03,5781.67,5838.03,5772.07,13827.11
2025-05-14,5778.08,5799.12,5835.49,5750.54,15628.0
2025-05-15,5786.78,5715.3,5786.78,5715.29,13516.08
2025-05-16,5703.74,5715.85,5735.01,5703.74,11670.91
2025-05-19,5719.44,5720.79,5729.07,5669.72,11538.49
2025-05-20,5723.51,5747.37,5759.46,5707.81,11689.66
2025-05-21,5741.69,5757.92,5763.08,5733.83,11580.45
2025-05-22,5739.19,5703.28,5757.79,5701.16,10905.77
2025-05-23,5697.14,5653.04,5738.08,5653.04,11436.12
2025-05-26,5653.21,5669.46,5693.63,5644.58,9717.1
2025-05-27,5666.3,5652.15,5667.87,5629.13,9514.94
2025-05-28,5651.88,5637.24,5660.47,5628.42,9490.89
2025-05-29,5637.06,5719.91,5724.52,5637.06,11468.25
2025-05-30,5704.77,5671.07,5704.77,5665.52,10990.07
2025-06-03,5653.67,5694.84,5710.42,5653.3,12285.39
2025-06-04,5696.57,5739.01,5744.45,5696.57,11619.61
2025-06-05,5741.03,5769.97,5778.1,5719.55,12522.36
2025-06-06,5768.4,5762.08,5771.76,5750.66,10821.77
2025-06-09,5772.78,5805.65,5823.9,5765.35,12818.86
2025-06-10,5809.83,5757.99,5810.92,5715.97,13826.92
2025-06-11,5758.53,5792.95,5818.57,5758.53,12371.67
2025-06-12,5780.97,5799.93,5808.8,5766.52,12561.58
2025-06-13,5783.16,5740.24,5794.67,5728.21,16761.34
2025-06-16,5725.0,5767.81,5775.95,5725.0,12824.27
2025-06-17,5772.3,5750.91,5776.63,5734.83,12152.66
2025-06-18,5740.16,5745.87,5753.71,5709.8,11270.38
2025-06-19,5733.81,5676.83,5750.46,5660.05,12553.11
2025-06-20,5669.09,5639.51,5688.74,5636.78,10179.48
2025-06-23,5613.28,5674.17,5684.4,5613.28,11160.18
2025-06-24,5683.46,5765.84,5766.02,5683.46,14208.23
2025-06-25,5777.74,5862.55,5866.52,5776.12,18463.23
2025-06-26,5868.29,5838.25,5885.25,5835.34,18016.42
2025-06-27,5850.43,5863.73,5905.7,5839.58,19938.97
2025-06-30,5877.67,5915.39,5918.31,5872.23,16627.51
2025-07-01,5915.8,5934.67,5936.92,5890.11,15419.24
2025-07-02,5922.54,5892.95,5922.54,5873.89,16250.05
2025-07-03,5896.24,5922.66,5929.73,5885.94,13007.0
2025-07-04,5917.75,5911.44,5969.3,5889.73,16494.11
2025-07-07,5901.4,5900.41,5910.8,5889.6,13720.74
2025-07-08,5903.1,5977.74,5979.63,5903.1,16868.11
2025-07-09,5980.65,5953.49,5992.13,5940.18,16491.44
2025-07-10,5950.97,5983.05,6000.69,5942.29,17624.26
2025-07-11,5985.82,6027.08,6057.62,5963.26,22236.31
2025-07-14,6033.18,6020.86,6042.89,6011.69,18927.74
2025-07-15,6018.63,6018.76,6049.79,5973.8,18973.62
2025-07-16,6019.58,6017.19,6061.2,5997.16,14861.01
2025-07-17,6013.71,6082.46,6082.46,6013.04,14969.27
2025-07-18,6092.23,6099.61,6112.11,6073.64,15315.22
2025-07-21,6115.03,6161.31,6162.44,6110.99,20735.05
2025-07-22,6166.62,6213.41,6215.41,6152.81,24621.16
2025-07-23,6218.21,6196.76,6256.15,6187.01,25837.79
2025-07-24,6197.85,6293.6,6293.6,6197.85,26835.56
2025-07-25,6297.63,6299.59,6311.17,6276.42,23705.53
2025-07-28,6305.22,6323.42,6329.03,6271.93,21444.83
2025-07-29,6308.12,6356.13,6356.15,6272.31,20175.76
2025-07-30,6345.37,6314.69,6368.27,6269.51,21212.84
2025-07-31,6297.91,6226.34,6322.07,6206.19,22421.42
2025-08-01,6221.05,6213.2,6253.66,6177.48,16590.72
2025-08-04,6190.34,6261.73,6261.96,6187.62,14859.15
2025-08-05,6277.01,6303.24,6303.24,6272.51,15420.67
2025-08-06,6298.93,6357.38,6357.59,6293.22,16602.76
2025-08-07,6356.33,6337.54,6366.21,6299.49,17044.64
2025-08-08,6324.17,6323.5,6351.33,6308.15,17250.75
2025-08-11,6335.43,6391.76,6404.83,6335.43,17490.92
2025-08-12,6392.4,6418.16,6418.16,6360.11,16835.19
2025-08-13,6422.79,6508.1,6514.46,6422.21,21602.24
2025-08-14,6509.21,6429.85,6519.79,6411.92,22895.32
2025-08-15,6417.39,6568.57,6570.5,6417.39,24521.72
2025-08-18,6612.99,6668.17,6709.78,6580.44,30244.82
2025-08-19,6663.16,6655.31,6707.11,6631.12,25283.93
2025-08-20,6623.61,6728.07,6728.07,6598.55,24423.39
2025-08-21,6739.69,6704.17,6767.32,6673.06,24254.02
2025-08-22,6704.03,6822.85,6823.36,6704.03,25678.38
2025-08-25,6886.27,6951.9,6967.8,6863.93,33382.89
2025-08-26,6928.29,6964.07,7008.96,6910.41,28153.24
2025-08-27,6964.77,6862.56,7074.63,6862.56,32806.02
2025-08-28,6858.5,7011.16,7011.16,6798.93,30806.18
2025-08-29,7030.27,7043.94,7078.92,6990.75,28091.58
2025-09-01,7087.73,7110.29,7110.69,7038.34,28590.83
2025-09-02,7108.94,6961.69,7108.94,6909.72,29403.65
2025-09-03,6988.02,6868.46,7003.27,6846.18,25908.33
2025-09-04,6884.36,6698.45,6906.69,6607.98,27034.19
2025-09-05,6709.15,6913.95,6919.34,6678.6,24085.75
2025-09-08,6927.41,6992.12,6995.72,6896.66,24417.43
2025-09-09,6959.94,6928.97,6999.73,6895.51,22584.36
2025-09-10,6911.11,6932.11,6977.77,6870.4,18992.29
2025-09-11,6924.3,7122.71,7123.05,6889.59,24395.11
2025-09-12,7115.61,7147.75,7200.16,7112.42,26656.75
2025-09-15,7170.41,7137.36,7174.89,7126.83,23826.57
2025-09-16,7152.19,7190.99,7195.42,7080.43,24234.92
2025-09-17,7184.26,7260.04,7265.39,7159.67,25826.44
2025-09-18,7248.28,7199.88,7350.98,7115.63,34858.95
2025-09-19,7200.69,7170.35,7232.0,7142.06,27150.72
2025-09-22,7182.89,7225.13,7225.86,7143.08,23185.81
2025-09-23,7240.85,7180.71,7250.82,7045.56,28128.36
2025-09-24,7140.31,7323.71,7327.02,7133.43,24006.49
2025-09-25,7325.66,7341.32,7379.61,7312.35,23617.5
2025-09-26,7311.84,7240.91,7351.79,7237.05,21144.41
2025-09-29,7251.52,7350.56,7377.22,7216.74,23353.94
2025-09-30,7372.52,7412.37,7428.03,7372.06,22070.75
2025-10-09,7470.05,7548.92,7559.09,7437.32,28313.08
2025-10-10,7499.39,7398.22,7509.12,7373.98,26225.66
2025-10-13,7135.1,7376.56,7391.82,7135.1,25802.78
2025-10-14,7434.11,7194.85,7459.02,7166.08,27735.89
2025-10-15,7205.74,7294.0,7294.0,7153.42,21755.98
2025-10-16,7269.26,7231.53,7305.95,7206.44,19493.64
2025-10-17,7226.42,7016.07,7254.58,7009.89,20004.41
2025-10-20,7092.88,7069.64,7129.99,7033.38,17683.42
2025-10-21,7095.62,7185.62,7193.73,7082.3,20597.38
2025-10-22,7135.21,7128.48,7166.56,7101.83,16974.33
2025-10-23,7108.85,7142.95,7153.66,7022.29,18893.37
2025-10-24,7175.92,7258.53,7258.53,7174.35,19532.39
2025-10-27,7336.2,7379.39,7391.21,7302.02,23205.18
2025-10-28,7344.45,7341.03,7404.76,7308.27,20211.85
2025-10-29,7350.76,7480.97,7480.97,7350.76,22384.41
2025-10-30,7462.43,7385.71,7463.65,7375.24,24341.2
2025-10-31,7385.74,7331.0,7430.86,7331.0,23204.17
2025-11-03,7327.12,7333.6,7336.51,7214.83,22168.71
2025-11-04,7315.19,7210.83,7323.7,7167.35,19332.58
2025-11-05,7098.96,7229.34,7257.84,7098.96,19558.02
2025-11-06,7243.2,7345.72,7352.18,7243.2,20172.3
2025-11-07,7307.3,7327.91,7371.44,7285.82,19292.06
2025-11-10,7357.34,7343.8,7384.79,7289.77,20450.13
2025-11-11,7364.93,7291.61,7379.81,7281.97,19166.03
2025-11-12,7264.79,7243.25,7305.86,7187.87,18550.7
2025-11-13,7243.64,7355.29,7366.41,7243.64,19989.02
2025-11-14,7283.7,7235.46,7329.6,7235.46,20586.49
2025-11-17,7248.92,7235.35,7262.33,7202.59,20305.06
2025-11-18,7215.03,7151.02,7230.54,7118.41,20221.41
2025-11-19,7141.26,7122.75,7178.15,7086.12,16278.66
2025-11-20,7174.1,7061.95,7180.73,7056.9,15961.87
2025-11-21,6955.75,6817.41,6986.78,6817.41,20893.34
2025-11-24,6856.75,6868.97,6905.92,6797.5,16636.39
2025-11-25,6915.12,6954.6,7018.47,6912.32,16271.25
2025-11-26,6946.08,6965.05,7024.88,6936.88,14894.35
2025-11-27,6970.73,6951.28,7045.84,6943.44,13784.11
2025-11-28,6947.24,7031.55,7031.71,6941.48,14021.12
2025-12-01,7053.85,7101.83,7101.83,7040.8,17897.34
2025-12-02,7084.8,7040.3,7085.3,7022.61,14951.82
2025-12-03,7044.86,6996.36,7064.16,6975.09,15783.89
2025-12-04,7001.64,7012.81,7039.72,6958.63,14103.83
2025-12-05,7008.65,7097.84,7104.02,6965.81,16873.83
2025-12-08,7119.05,7172.37,7193.72,7114.32,19261.18
2025-12-09,7150.97,7121.33,7185.11,7103.83,16690.11
2025-12-10,7111.57,7155.99,7171.97,7070.48,15396.78
2025-12-11,7171.21,7082.89,7179.42,7082.89,18184.86
2025-12-12,7088.1,7169.79,7187.1,7063.84,19840.25
2025-12-15,7121.38,7113.96,7177.15,7110.68,17217.41
2025-12-16,7101.67,7001.32,7102.77,6962.65,17206.59
2025-12-17,7002.51,7137.83,7160.78,6988.87,17441.31
2025-12-18,7096.98,7100.84,7172.96,7094.54,15489.61
2025-12-19,7124.4,7169.55,7197.07,7117.16,17884.31
2025-12-22,7205.49,7255.66,7277.39,7205.49,17824.29
2025-12-23,7257.91,7256.79,7297.7,7228.72,17347.6
2025-12-24,7257.62,7352.04,7362.57,7247.41,16883.77
2025-12-25,7341.92,7410.71,7426.14,7334.34,16841.42
2025-12-26,7422.6,7458.84,7484.92,7397.43,19927.69
2025-12-29,7467.5,7430.61,7491.69,7411.45,19884.43
2025-12-30,7390.14,7458.94,7495.06,7389.87,19620.36
2025-12-31,7473.75,7465.57,7488.07,7435.07,19442.77
2026-01-05,7523.88,7651.2,7651.24,7523.25,25185.39
2026-01-06,7663.94,7814.14,7814.65,7663.66,31312.51
2026-01-07,7838.91,7875.08,7909.66,7828.39,29390.34
2026-01-08,7853.21,7894.54,7938.59,7849.07,29356.17
2026-01-09,7907.85,8056.69,8064.76,7907.85,31462.47
2026-01-12,8141.63,8249.13,8261.35,8103.24,33523.63
2026-01-13,8270.42,8143.28,8270.42,8106.61,36413.1
2026-01-14,8165.35,8227.7,8368.22,8123.4,42276.6
2026-01-15,8170.35,8223.27,8249.03,8148.79,31359.58
2026-01-16,8241.69,8232.67,8292.74,8204.53,28197.9
2026-01-19,8199.5,8287.95,8318.37,8195.09,26149.74
2026-01-20,8307.64,8247.8,8342.87,8142.14,28986.45
2026-01-21,8196.56,8340.11,8351.45,8196.56,24330.44
2026-01-22,8355.68,8387.6,8396.13,8337.2,26880.52
2026-01-23,8422.36,8590.17,8590.17,8417.75,31969.01
2026-01-26,8624.89,8506.69,8671.35,8453.48,34928.56
2026-01-27,8464.65,8548.93,8581.1,8368.18,30285.26
2026-01-28,8565.34,8601.16,8633.15,8526.53,31177.43
2026-01-29,8584.68,8517.84,8658.94,8503.09,35419.84
2026-01-30,8439.65,8370.52,8496.34,8194.58,32894.72
2026-02-02,8279.72,8037.05,8324.43,8032.35,29964.6
2026-02-03,8135.87,8286.7,8286.7,8075.37,27222.71
2026-02-04,8270.84,8299.06,8309.86,8179.35,26886.03
2026-02-05,8203.06,8146.11,8224.78,8081.43,23184.05
2026-02-06,8054.22,8146.41,8247.3,8014.66,21864.21
2026-02-09,8280.11,8311.28,8313.47,8229.0,21166.76
2026-02-10,8318.53,8306.44,8331.99,8258.15,19580.62
2026-02-11,8295.33,8325.81,8373.5,8295.12,20401.97
2026-02-12,8342.37,8423.57,8437.42,8341.77,21213.83
2026-02-13,8366.33,8299.59,8419.76,8290.84,20278.57
2026-02-24,8403.31,8392.91,8444.13,8328.57,22462.93
2026-02-25,8412.08,8527.56,8551.53,8401.6,27789.34
2026-02-26,8542.83,8557.22,8582.76,8490.92,25411.18
2026-02-27,8499.8,8658.45,8658.45,8499.8,28036.12
2026-03-02,8585.85,8658.33,8683.98,8551.46,33903.23
2026-03-03,8651.06,8281.61,8654.57,8267.11,34615.39
2026-03-04,8167.98,8248.95,8377.17,8167.98,27210.77
2026-03-05,8383.55,8309.17,8391.04,8251.11,25634.35
2026-03-06,8273.18,8360.33,8394.33,8258.64,23451.5
2026-03-09,8234.19,8279.48,8305.92,8066.14,28651.85
2026-03-10,8341.14,8410.3,8412.93,8330.93,23994.14
2026-03-11,8419.31,8403.33,8439.62,8379.03,26448.74
2026-03-12,8396.72,8359.47,8433.04,8290.59,28243.65
2026-03-13,8317.78,8239.8,8371.72,8217.97,28813.1
2026-03-16,8227.69,8185.15,8233.66,8060.78,25620.6
2026-03-17,8199.99,8016.03,8207.46,8016.0,23013.28
2026-03-18,8044.92,8096.43,8105.96,7958.45,20649.39
2026-03-19,7975.85,7877.09,8000.43,7844.15,21974.49
2026-03-20,7913.49,7760.04,7941.59,7757.83,21944.88
2026-03-23,7623.24,7440.75,7708.43,7399.04,27156.1
2026-03-24,7555.08,7597.37,7597.37,7379.86,22896.64
2026-03-25,7660.4,7767.67,7806.91,7660.4,24071.16
2026-03-26,7757.02,7642.13,7777.29,7620.78,20621.61
2026-03-27,7539.2,7737.61,7785.38,7539.2,18820.51
2026-03-30,7655.15,7753.72,7766.11,7610.55,19783.86
2026-03-31,7740.58,7617.33,7788.89,7617.33,19908.6
2026-04-01,7764.34,7750.09,7778.99,7689.59,17596.07
2026-04-02,7726.45,7605.29,7740.1,7562.21,17208.49
2026-04-03,7636.66,7534.94,7640.84,7518.35,15163.74
2026-04-07,7562.14,7571.11,7630.14,7529.4,14696.14
2026-04-08,7741.63,7945.15,7945.15,7741.63,23193.66
2026-04-09,7865.21,7898.63,7947.68,7845.96,19055.57
2026-04-10,7958.81,7969.36,8070.65,7953.5,20340.44
2026-04-13,7917.92,7967.7,7990.98,7917.92,19494.87
2026-04-14,8039.07,8088.57,8088.57,8002.65,21429.57
2026-04-15,8144.81,8044.08,8150.62,8020.87,20365.61
2026-04-16,8068.15,8180.08,8189.18,8056.78,18845.57
2026-04-17,8155.4,8214.19,8230.11,8149.94,19157.88
2026-04-20,8223.58,8290.02,8310.94,8214.26,21376.4
2026-04-21,8263.38,8270.33,8281.32,8189.76,20183.63
2026-04-22,8226.85,8376.18,8377.34,8226.85,21333.72
2026-04-23,8387.76,8295.21,8401.5,8220.95,24948.7
2026-04-24,8244.78,8247.88,8299.88,8165.8,22231.19
2026-04-27,8236.43,8299.05,8326.15,8219.94,22459.58
2026-04-28,8274.63,8203.96,8275.33,8173.44,22010.91
2026-04-29,8157.35,8342.42,8356.72,8157.35,23087.2
2026-04-30,8331.44,8349.51,8375.19,8300.5,24755.47
2026-05-06,8441.34,8588.44,8621.35,8441.34,27464.75
2026-05-07,8637.84,8696.8,8700.34,8598.71,27099.42
2026-05-08,8638.84,8694.17,8706.33,8616.22,27114.35
2026-05-11,8771.18,8839.74,8863.77,8716.45,28833.02
2026-05-12,8856.18,8785.98,8856.18,8736.42,26987.1
2026-05-13,8730.91,8918.24,8925.88,8730.91,25409.69
2026-05-14,8952.95,8670.16,8956.66,8670.16,28950.26
2026-05-15,8676.62,8536.34,8717.09,8473.04,27096.18
2026-05-18,8493.02,8554.24,8606.41,8472.42,23109.34
2026-05-19,8524.15,8627.95,8633.06,8416.52,24386.88
2026-05-20,8581.39,8656.31,8681.72,8552.43,23041.87
2026-05-21,8703.17,8419.84,8790.38,8406.29,27948.92
2026-05-22,8473.61,8576.94,8591.15,8414.94,22161.04
