date,open,close,high,low,volume,amount,code,name
2020-01-02,5.1,5.12,5.14,5.09,2055125,766905872.0,601288,农业银行
2020-01-03,5.13,5.11,5.13,5.1,1118143,416711488.0,601288,农业银行
2020-01-06,5.1,5.08,5.11,5.06,2510802,928482816.0,601288,农业银行
2020-01-07,5.08,5.11,5.14,5.07,2912950,1084517488.0,601288,农业银行
2020-01-08,5.1,5.08,5.11,5.07,1682149,621621264.0,601288,农业银行
2020-01-09,5.09,5.07,5.1,5.06,1290993,476337104.0,601288,农业银行
2020-01-10,5.08,5.07,5.09,5.06,1027248,378111728.0,601288,农业银行
2020-01-13,5.07,5.07,5.07,5.04,1662265,608708752.0,601288,农业银行
2020-01-14,5.07,5.07,5.08,5.06,1314186,483396752.0,601288,农业银行
2020-01-15,5.06,5.04,5.07,5.04,1033065,377725952.0,601288,农业银行
2020-01-16,5.05,5.0,5.05,5.0,1820160,660037504.0,601288,农业银行
2020-01-17,5.0,5.01,5.03,4.99,992638,359412848.0,601288,农业银行
2020-01-20,5.01,5.01,5.02,5.0,872500,315896928.0,601288,农业银行
2020-01-21,5.01,4.97,5.01,4.96,1950674,700428528.0,601288,农业银行
2020-01-22,4.96,4.96,4.97,4.93,1788010,637001440.0,601288,农业银行
2020-01-23,4.95,4.91,4.95,4.9,2431274,857675296.0,601288,农业银行
2020-02-03,4.69,4.76,4.79,4.66,4777266,1595441040.0,601288,农业银行
2020-02-04,4.74,4.81,4.82,4.74,3219481,1090924304.0,601288,农业银行
2020-02-05,4.81,4.81,4.83,4.78,2481941,848611552.0,601288,农业银行
2020-02-06,4.82,4.82,4.83,4.79,1910763,653402512.0,601288,农业银行
2020-02-07,4.8,4.79,4.8,4.77,1991685,675907248.0,601288,农业银行
2020-02-10,4.77,4.78,4.79,4.76,1586098,537274720.0,601288,农业银行
2020-02-11,4.79,4.81,4.82,4.78,1791483,611598368.0,601288,农业银行
2020-02-12,4.81,4.82,4.82,4.79,1232114,421327488.0,601288,农业银行
2020-02-13,4.82,4.8,4.82,4.79,1232772,421511184.0,601288,农业银行
2020-02-14,4.79,4.82,4.82,4.79,1123136,384310496.0,601288,农业银行
2020-02-17,4.81,4.86,4.87,4.81,1895058,654233744.0,601288,农业银行
2020-02-18,4.85,4.84,4.86,4.83,1593550,550310896.0,601288,农业银行
2020-02-19,4.84,4.87,4.88,4.83,1582631,549791440.0,601288,农业银行
2020-02-20,4.87,4.9,4.9,4.85,1994229,694356256.0,601288,农业银行
2020-02-21,4.88,4.88,4.9,4.87,1432435,500496624.0,601288,农业银行
2020-02-24,4.87,4.85,4.89,4.85,1860105,646737008.0,601288,农业银行
2020-02-25,4.83,4.82,4.83,4.81,2105790,722304368.0,601288,农业银行
2020-02-26,4.8,4.84,4.85,4.79,2189190,751298880.0,601288,农业银行
2020-02-27,4.83,4.85,4.86,4.83,1700223,587500592.0,601288,农业银行
2020-02-28,4.83,4.8,4.87,4.8,2535859,873845648.0,601288,农业银行
2020-03-02,4.81,4.85,4.86,4.81,1812825,625109744.0,601288,农业银行
2020-03-03,4.86,4.87,4.88,4.85,1907568,663521376.0,601288,农业银行
2020-03-04,4.87,4.88,4.89,4.86,1406808,490358160.0,601288,农业银行
2020-03-05,4.88,4.91,4.92,4.88,2291823,805454592.0,601288,农业银行
2020-03-06,4.9,4.89,4.91,4.87,1519933,531961840.0,601288,农业银行
2020-03-09,4.86,4.82,4.86,4.81,2821718,969290064.0,601288,农业银行
2020-03-10,4.8,4.85,4.86,4.8,2078093,717049488.0,601288,农业银行
2020-03-11,4.86,4.82,4.86,4.82,1583657,546167904.0,601288,农业银行
2020-03-12,4.81,4.82,4.83,4.79,1858720,635881200.0,601288,农业银行
2020-03-13,4.77,4.79,4.82,4.74,2903983,982450800.0,601288,农业银行
2020-03-16,4.8,4.76,4.82,4.76,2596027,882059712.0,601288,农业银行
2020-03-17,4.76,4.79,4.81,4.75,2792972,947833296.0,601288,农业银行
2020-03-18,4.79,4.75,4.8,4.74,2143310,724544448.0,601288,农业银行
2020-03-19,4.74,4.7,4.77,4.69,2535946,844013968.0,601288,农业银行
2020-03-20,4.72,4.73,4.76,4.7,2458267,819868368.0,601288,农业银行
2020-03-23,4.7,4.67,4.7,4.67,1763632,580377840.0,601288,农业银行
2020-03-24,4.7,4.74,4.74,4.69,2137951,710821936.0,601288,农业银行
2020-03-25,4.77,4.76,4.78,4.74,1674232,564134464.0,601288,农业银行
2020-03-26,4.74,4.76,4.78,4.73,1357576,456921088.0,601288,农业银行
2020-03-27,4.78,4.78,4.81,4.76,1683814,572400864.0,601288,农业银行
2020-03-30,4.76,4.8,4.8,4.75,2181046,741562656.0,601288,农业银行
2020-03-31,4.81,4.76,4.82,4.74,1651900,560225312.0,601288,农业银行
2020-04-01,4.76,4.77,4.8,4.76,1116665,378709984.0,601288,农业银行
2020-04-02,4.76,4.79,4.79,4.75,1047868,354395712.0,601288,农业银行
2020-04-03,4.78,4.79,4.8,4.77,1157804,393195600.0,601288,农业银行
2020-04-07,4.82,4.81,4.82,4.8,1220967,417633424.0,601288,农业银行
2020-04-08,4.8,4.79,4.8,4.78,966159,328551728.0,601288,农业银行
2020-04-09,4.8,4.79,4.81,4.78,722320,246074441.0,601288,农业银行
2020-04-10,4.8,4.8,4.8,4.78,907580,308890896.0,601288,农业银行
2020-04-13,4.79,4.79,4.81,4.78,920479,313557120.0,601288,农业银行
2020-04-14,4.8,4.81,4.81,4.79,831784,283848144.0,601288,农业银行
2020-04-15,4.8,4.81,4.81,4.8,862672,294681024.0,601288,农业银行
2020-04-16,4.79,4.82,4.83,4.79,1063712,364102592.0,601288,农业银行
2020-04-17,4.83,4.83,4.83,4.81,1230782,422558256.0,601288,农业银行
2020-04-20,4.82,4.81,4.83,4.81,1120275,383753280.0,601288,农业银行
2020-04-21,4.8,4.8,4.81,4.79,1039960,354646096.0,601288,农业银行
2020-04-22,4.8,4.81,4.82,4.79,848105,289662288.0,601288,农业银行
2020-04-23,4.81,4.79,4.81,4.77,1179408,401006112.0,601288,农业银行
2020-04-24,4.79,4.79,4.79,4.77,612445,207830195.0,601288,农业银行
2020-04-27,4.78,4.8,4.82,4.78,1378678,470462192.0,601288,农业银行
2020-04-28,4.8,4.79,4.8,4.77,1229049,417684592.0,601288,农业银行
2020-04-29,4.8,4.83,4.83,4.79,1449932,496514816.0,601288,农业银行
2020-04-30,4.84,4.85,4.86,4.83,1184735,409683824.0,601288,农业银行
2020-05-06,4.81,4.81,4.82,4.79,2263613,772368080.0,601288,农业银行
2020-05-07,4.8,4.8,4.81,4.79,1314751,447967328.0,601288,农业银行
2020-05-08,4.81,4.81,4.81,4.79,1342731,458120128.0,601288,农业银行
2020-05-11,4.81,4.81,4.82,4.79,1315827,450101008.0,601288,农业银行
2020-05-12,4.81,4.8,4.82,4.8,788390,269083216.0,601288,农业银行
2020-05-13,4.8,4.8,4.8,4.79,690121,234943045.0,601288,农业银行
2020-05-14,4.79,4.78,4.8,4.78,794681,269921488.0,601288,农业银行
2020-05-15,4.79,4.78,4.79,4.78,936888,317917520.0,601288,农业银行
2020-05-18,4.78,4.78,4.79,4.77,962885,326556320.0,601288,农业银行
2020-05-19,4.79,4.79,4.8,4.78,897600,304941056.0,601288,农业银行
2020-05-20,4.79,4.8,4.8,4.78,968434,329110656.0,601288,农业银行
2020-05-21,4.8,4.79,4.8,4.78,826317,281045008.0,601288,农业银行
2020-05-22,4.79,4.76,4.79,4.76,1271629,430605904.0,601288,农业银行
2020-05-25,4.77,4.78,4.78,4.76,703113,237553638.0,601288,农业银行
2020-05-26,4.78,4.77,4.78,4.77,832791,281915952.0,601288,农业银行
2020-05-27,4.78,4.79,4.8,4.77,1035892,351900048.0,601288,农业银行
2020-05-28,4.8,4.82,4.82,4.79,1625057,555961360.0,601288,农业银行
2020-05-29,4.81,4.79,4.82,4.79,1061256,361974832.0,601288,农业银行
2020-06-01,4.8,4.81,4.82,4.79,1093455,374091104.0,601288,农业银行
2020-06-02,4.81,4.82,4.82,4.8,903740,309272976.0,601288,农业银行
2020-06-03,4.82,4.81,4.84,4.81,1489830,511561104.0,601288,农业银行
2020-06-04,4.82,4.8,4.83,4.8,984787,336384864.0,601288,农业银行
2020-06-05,4.81,4.81,4.81,4.8,730677,249401187.0,601288,农业银行
2020-06-08,4.8,4.8,4.81,4.79,1174452,400272448.0,601288,农业银行
2020-06-09,4.8,4.81,4.81,4.79,1471207,502056928.0,601288,农业银行
2020-06-10,4.81,4.79,4.81,4.79,1071200,364829392.0,601288,农业银行
2020-06-11,4.79,4.77,4.8,4.77,1845072,625612576.0,601288,农业银行
2020-06-12,4.76,4.77,4.77,4.75,3000638,1010857264.0,601288,农业银行
2020-06-15,4.75,4.72,4.76,4.72,2346117,785210864.0,601288,农业银行
2020-06-16,4.74,4.74,4.75,4.73,1339180,448360208.0,601288,农业银行
2020-06-17,4.74,4.75,4.75,4.73,909603,304841344.0,601288,农业银行
2020-06-18,4.74,4.74,4.75,4.72,1684543,564152592.0,601288,农业银行
2020-06-19,4.74,4.74,4.75,4.73,2011989,674556624.0,601288,农业银行
2020-06-22,4.74,4.75,4.76,4.73,1999268,670955056.0,601288,农业银行
2020-06-23,4.74,4.74,4.75,4.73,1221076,409165856.0,601288,农业银行
2020-06-24,4.75,4.76,4.77,4.74,1712748,575751024.0,601288,农业银行
2020-06-29,4.76,4.76,4.77,4.74,1645915,553830160.0,601288,农业银行
2020-06-30,4.76,4.77,4.77,4.75,1529921,516158080.0,601288,农业银行
2020-07-01,4.77,4.78,4.79,4.76,1799746,608516224.0,601288,农业银行
2020-07-02,4.78,4.84,4.84,4.77,3276964,1119935744.0,601288,农业银行
2020-07-03,4.84,4.9,4.9,4.84,3716923,1297519104.0,601288,农业银行
2020-07-06,4.92,5.15,5.17,4.91,6923826,2536366336.0,601288,农业银行
2020-07-07,5.19,5.12,5.25,5.11,5011851,1890890096.0,601288,农业银行
2020-07-08,5.11,5.1,5.15,5.08,4612709,1716524656.0,601288,农业银行
2020-07-09,5.1,5.03,5.11,5.02,5311726,1941304592.0,601288,农业银行
2020-07-10,5.04,4.93,5.05,4.93,5489280,1871966256.0,601288,农业银行
2020-07-13,4.92,4.92,4.95,4.9,6298934,2109860544.0,601288,农业银行
2020-07-14,4.91,4.88,4.92,4.87,4513475,1500919712.0,601288,农业银行
2020-07-15,4.89,4.85,4.9,4.85,4057866,1337402704.0,601288,农业银行
2020-07-16,4.86,4.84,4.88,4.83,3956194,1301205776.0,601288,农业银行
2020-07-17,4.85,4.85,4.86,4.83,2425787,793969984.0,601288,农业银行
2020-07-20,4.85,4.89,4.9,4.84,3502147,1157688896.0,601288,农业银行
2020-07-21,4.9,4.87,4.9,4.86,2086230,689014592.0,601288,农业银行
2020-07-22,4.87,4.86,4.9,4.85,2589831,856429968.0,601288,农业银行
2020-07-23,4.85,4.84,4.86,4.82,3381775,1105252624.0,601288,农业银行
2020-07-24,4.84,4.8,4.84,4.79,3104505,1007868208.0,601288,农业银行
2020-07-27,4.81,4.79,4.82,4.79,1813848,586004784.0,601288,农业银行
2020-07-28,4.8,4.8,4.82,4.79,1664858,538053648.0,601288,农业银行
2020-07-29,4.79,4.82,4.83,4.79,2010710,651657712.0,601288,农业银行
2020-07-30,4.81,4.8,4.82,4.79,2034000,657702736.0,601288,农业银行
2020-07-31,4.8,4.8,4.82,4.79,2199506,710196688.0,601288,农业银行
2020-08-03,4.81,4.81,4.81,4.79,2101909,679416928.0,601288,农业银行
2020-08-04,4.8,4.84,4.85,4.8,3982557,1296351440.0,601288,农业银行
2020-08-05,4.82,4.81,4.83,4.8,2036890,660015712.0,601288,农业银行
2020-08-06,4.82,4.82,4.83,4.8,1908301,618619104.0,601288,农业银行
2020-08-07,4.82,4.8,4.82,4.79,1782016,575845440.0,601288,农业银行
2020-08-10,4.8,4.8,4.82,4.79,1907100,616734080.0,601288,农业银行
2020-08-11,4.81,4.8,4.82,4.8,2319825,751648640.0,601288,农业银行
2020-08-12,4.8,4.81,4.81,4.79,1959184,633499808.0,601288,农业银行
2020-08-13,4.81,4.81,4.82,4.8,1546157,500882224.0,601288,农业银行
2020-08-14,4.81,4.82,4.83,4.8,1685279,547064592.0,601288,农业银行
2020-08-17,4.83,4.87,4.88,4.82,4580693,1503856800.0,601288,农业银行
2020-08-18,4.86,4.84,4.87,4.83,2787921,911777488.0,601288,农业银行
2020-08-19,4.84,4.82,4.84,4.82,1983844,646751424.0,601288,农业银行
2020-08-20,4.82,4.81,4.82,4.8,1598072,517432672.0,601288,农业银行
2020-08-21,4.82,4.81,4.82,4.8,1424772,462232656.0,601288,农业银行
2020-08-24,4.82,4.8,4.82,4.8,1296575,419885072.0,601288,农业银行
2020-08-25,4.81,4.8,4.81,4.8,1104871,357338240.0,601288,农业银行
2020-08-26,4.81,4.8,4.81,4.79,1416273,457418096.0,601288,农业银行
2020-08-27,4.8,4.79,4.8,4.78,1941147,625207072.0,601288,农业银行
2020-08-28,4.79,4.8,4.81,4.78,1738548,560958160.0,601288,农业银行
2020-08-31,4.8,4.78,4.81,4.78,2288935,738580720.0,601288,农业银行
2020-09-01,4.78,4.78,4.79,4.77,1446094,464127488.0,601288,农业银行
2020-09-02,4.78,4.76,4.78,4.75,2487031,793202624.0,601288,农业银行
2020-09-03,4.75,4.74,4.77,4.74,1761718,560161600.0,601288,农业银行
2020-09-04,4.73,4.73,4.74,4.71,1589300,501555808.0,601288,农业银行
2020-09-07,4.72,4.71,4.74,4.71,1332971,420761760.0,601288,农业银行
2020-09-08,4.72,4.75,4.75,4.71,1543225,488188784.0,601288,农业银行
2020-09-09,4.73,4.74,4.75,4.73,1328931,421409152.0,601288,农业银行
2020-09-10,4.75,4.73,4.75,4.72,1244345,393620000.0,601288,农业银行
2020-09-11,4.73,4.73,4.74,4.72,1033233,326099904.0,601288,农业银行
2020-09-14,4.73,4.73,4.74,4.72,926041,292356464.0,601288,农业银行
2020-09-15,4.73,4.73,4.74,4.72,861950,272191008.0,601288,农业银行
2020-09-16,4.73,4.74,4.74,4.72,1060710,335613664.0,601288,农业银行
2020-09-17,4.74,4.74,4.75,4.73,1079628,342011008.0,601288,农业银行
2020-09-18,4.74,4.77,4.77,4.73,2041923,649979712.0,601288,农业银行
2020-09-21,4.77,4.76,4.78,4.75,1476060,471177792.0,601288,农业银行
2020-09-22,4.75,4.74,4.76,4.73,1334952,424001600.0,601288,农业银行
2020-09-23,4.74,4.73,4.74,4.73,947595,299938752.0,601288,农业银行
2020-09-24,4.73,4.72,4.73,4.71,1356117,426824416.0,601288,农业银行
2020-09-25,4.72,4.72,4.73,4.71,1701327,536114256.0,601288,农业银行
2020-09-28,4.72,4.76,4.76,4.71,2342504,741824976.0,601288,农业银行
2020-09-29,4.76,4.74,4.76,4.74,965497,306809424.0,601288,农业银行
2020-09-30,4.75,4.74,4.76,4.72,1868810,591727856.0,601288,农业银行
2020-10-09,4.75,4.74,4.76,4.73,1130315,358822336.0,601288,农业银行
2020-10-12,4.74,4.76,4.77,4.73,1976013,629606304.0,601288,农业银行
2020-10-13,4.75,4.74,4.76,4.73,1804095,572529584.0,601288,农业银行
2020-10-14,4.74,4.74,4.74,4.72,2060251,650313696.0,601288,农业银行
2020-10-15,4.73,4.75,4.75,4.72,1392775,442070928.0,601288,农业银行
2020-10-16,4.75,4.76,4.78,4.74,3660341,1169282384.0,601288,农业银行
2020-10-19,4.77,4.78,4.81,4.76,4055853,1305690496.0,601288,农业银行
2020-10-20,4.77,4.75,4.78,4.75,2108631,672656896.0,601288,农业银行
2020-10-21,4.76,4.78,4.78,4.74,1920690,613255824.0,601288,农业银行
2020-10-22,4.78,4.78,4.8,4.77,2115675,680157408.0,601288,农业银行
2020-10-23,4.78,4.8,4.81,4.78,2272668,733803344.0,601288,农业银行
2020-10-26,4.8,4.8,4.82,4.78,1961924,633154224.0,601288,农业银行
2020-10-27,4.79,4.78,4.79,4.77,1136152,364914832.0,601288,农业银行
2020-10-28,4.77,4.75,4.78,4.75,1231308,392608704.0,601288,农业银行
2020-10-29,4.74,4.72,4.74,4.72,1678500,530863824.0,601288,农业银行
2020-10-30,4.73,4.72,4.74,4.72,1613912,510162448.0,601288,农业银行
2020-11-02,4.73,4.74,4.75,4.72,1448238,458994272.0,601288,农业银行
2020-11-03,4.76,4.75,4.77,4.74,1609549,512433600.0,601288,农业银行
2020-11-04,4.76,4.74,4.76,4.74,1193757,379338880.0,601288,农业银行
2020-11-05,4.76,4.75,4.76,4.74,1342036,427017808.0,601288,农业银行
2020-11-06,4.76,4.77,4.77,4.74,1536009,489940560.0,601288,农业银行
2020-11-09,4.77,4.78,4.79,4.76,1871923,600107008.0,601288,农业银行
2020-11-10,4.79,4.78,4.8,4.78,1575411,507299552.0,601288,农业银行
2020-11-11,4.79,4.8,4.81,4.77,2442814,787374400.0,601288,农业银行
2020-11-12,4.8,4.78,4.8,4.78,1275841,410273280.0,601288,农业银行
2020-11-13,4.78,4.75,4.78,4.75,1540935,491152320.0,601288,农业银行
2020-11-16,4.76,4.76,4.77,4.75,1089455,347353232.0,601288,农业银行
2020-11-17,4.76,4.76,4.77,4.75,1233465,393847024.0,601288,农业银行
2020-11-18,4.77,4.78,4.8,4.76,2040921,655170432.0,601288,农业银行
2020-11-19,4.78,4.8,4.8,4.77,1435004,461444976.0,601288,农业银行
2020-11-20,4.79,4.77,4.8,4.77,1279993,410750752.0,601288,农业银行
2020-11-23,4.77,4.81,4.81,4.77,2493233,803791008.0,601288,农业银行
2020-11-24,4.8,4.8,4.82,4.8,1286759,416519392.0,601288,农业银行
2020-11-25,4.81,4.79,4.82,4.78,1532474,495838256.0,601288,农业银行
2020-11-26,4.79,4.8,4.81,4.78,1366312,440760240.0,601288,农业银行
2020-11-27,4.81,4.89,4.89,4.8,5789341,1898792192.0,601288,农业银行
2020-11-30,4.91,4.86,5.02,4.86,7507052,2526251856.0,601288,农业银行
2020-12-01,4.85,4.93,4.95,4.84,4099829,1362547744.0,601288,农业银行
2020-12-02,4.93,4.9,4.93,4.88,2441264,814366336.0,601288,农业银行
2020-12-03,4.89,4.88,4.91,4.86,2312807,766849168.0,601288,农业银行
2020-12-04,4.88,4.84,4.88,4.83,2016991,660684448.0,601288,农业银行
2020-12-07,4.84,4.81,4.85,4.8,2645756,858639136.0,601288,农业银行
2020-12-08,4.81,4.79,4.83,4.78,1952234,630839456.0,601288,农业银行
2020-12-09,4.79,4.8,4.81,4.79,1433055,462833680.0,601288,农业银行
2020-12-10,4.8,4.8,4.82,4.79,1934379,625492576.0,601288,农业银行
2020-12-11,4.81,4.79,4.81,4.78,2085436,672289968.0,601288,农业银行
2020-12-14,4.8,4.79,4.81,4.79,1395903,450445584.0,601288,农业银行
2020-12-15,4.79,4.76,4.8,4.75,1878675,600478016.0,601288,农业银行
2020-12-16,4.76,4.75,4.77,4.73,2096859,666185680.0,601288,农业银行
2020-12-17,4.74,4.75,4.76,4.73,1763801,559778688.0,601288,农业银行
2020-12-18,4.75,4.74,4.76,4.73,1632848,517815232.0,601288,农业银行
2020-12-21,4.74,4.74,4.75,4.73,1372060,434816528.0,601288,农业银行
2020-12-22,4.73,4.72,4.74,4.71,2663407,839956528.0,601288,农业银行
2020-12-23,4.72,4.71,4.72,4.7,2340518,734506880.0,601288,农业银行
2020-12-24,4.72,4.71,4.72,4.7,891723,280258464.0,601288,农业银行
2020-12-25,4.71,4.72,4.72,4.7,1201163,377372912.0,601288,农业银行
2020-12-28,4.71,4.71,4.72,4.7,1628166,511158064.0,601288,农业银行
2020-12-29,4.71,4.71,4.72,4.7,1631337,511778752.0,601288,农业银行
2020-12-30,4.71,4.7,4.71,4.69,2441142,762922288.0,601288,农业银行
2020-12-31,4.7,4.71,4.73,4.69,2598224,815906096.0,601288,农业银行
2021-01-04,4.7,4.7,4.71,4.69,2537917,793752016.0,601288,农业银行
2021-01-05,4.7,4.7,4.7,4.68,2122005,662545248.0,601288,农业银行
2021-01-06,4.7,4.7,4.71,4.69,2230770,697914304.0,601288,农业银行
2021-01-07,4.7,4.71,4.72,4.69,2651717,831256704.0,601288,农业银行
2021-01-08,4.71,4.71,4.72,4.7,1949691,612250752.0,601288,农业银行
2021-01-11,4.71,4.72,4.73,4.7,2872075,905005936.0,601288,农业银行
2021-01-12,4.72,4.72,4.73,4.7,2358456,741236464.0,601288,农业银行
2021-01-13,4.72,4.73,4.74,4.71,2351774,742591648.0,601288,农业银行
2021-01-14,4.73,4.75,4.77,4.73,2415659,767493088.0,601288,农业银行
2021-01-15,4.75,4.77,4.81,4.74,4453895,1430323152.0,601288,农业银行
2021-01-18,4.76,4.76,4.78,4.73,2988215,951438080.0,601288,农业银行
2021-01-19,4.75,4.77,4.79,4.74,3218256,1027603184.0,601288,农业银行
2021-01-20,4.76,4.75,4.78,4.74,1930656,614986560.0,601288,农业银行
2021-01-21,4.75,4.73,4.76,4.73,1756110,556578400.0,601288,农业银行
2021-01-22,4.73,4.71,4.74,4.71,1649042,518800128.0,601288,农业银行
2021-01-25,4.71,4.71,4.72,4.7,1718585,538823056.0,601288,农业银行
2021-01-26,4.71,4.7,4.72,4.7,1593960,500440704.0,601288,农业银行
2021-01-27,4.71,4.72,4.74,4.7,1673168,527768288.0,601288,农业银行
2021-01-28,4.71,4.71,4.72,4.7,1376007,431267936.0,601288,农业银行
2021-01-29,4.71,4.72,4.74,4.7,2348367,739558160.0,601288,农业银行
2021-02-01,4.72,4.74,4.75,4.71,2121436,670585616.0,601288,农业银行
2021-02-02,4.75,4.72,4.76,4.72,1571962,497510992.0,601288,农业银行
2021-02-03,4.72,4.71,4.73,4.71,1520664,478646960.0,601288,农业银行
2021-02-04,4.71,4.72,4.73,4.7,1889950,594794160.0,601288,农业银行
2021-02-05,4.72,4.76,4.78,4.71,4373978,1392368560.0,601288,农业银行
2021-02-08,4.76,4.75,4.77,4.73,2829754,900743200.0,601288,农业银行
2021-02-09,4.74,4.73,4.75,4.71,3154992,995369488.0,601288,农业银行
2021-02-10,4.74,4.78,4.8,4.73,3892936,1246597472.0,601288,农业银行
2021-02-18,4.81,4.79,4.83,4.78,3714034,1201778128.0,601288,农业银行
2021-02-19,4.79,4.8,4.81,4.78,2358213,761089424.0,601288,农业银行
2021-02-22,4.81,4.83,4.84,4.78,4032663,1308227168.0,601288,农业银行
2021-02-23,4.82,4.82,4.86,4.81,4059097,1325090624.0,601288,农业银行
2021-02-24,4.82,4.79,4.83,4.79,3175614,1028278384.0,601288,农业银行
2021-02-25,4.8,4.84,4.84,4.8,3097093,1006812000.0,601288,农业银行
2021-02-26,4.82,4.83,4.85,4.81,3808858,1243933936.0,601288,农业银行
2021-03-01,4.83,4.82,4.85,4.81,2157372,702767264.0,601288,农业银行
2021-03-02,4.83,4.78,4.83,4.78,2561371,826614800.0,601288,农业银行
2021-03-03,4.78,4.85,4.86,4.78,3645786,1189810848.0,601288,农业银行
2021-03-04,4.84,4.87,4.9,4.84,4531854,1496531104.0,601288,农业银行
2021-03-05,4.87,4.92,4.93,4.86,4377774,1455744992.0,601288,农业银行
2021-03-08,4.93,4.93,4.97,4.9,4568228,1541819600.0,601288,农业银行
2021-03-09,4.94,4.9,4.98,4.9,3879302,1306684000.0,601288,农业银行
2021-03-10,4.9,4.93,4.94,4.88,2067068,690845344.0,601288,农业银行
2021-03-11,4.95,4.95,5.0,4.91,3986710,1351246160.0,601288,农业银行
2021-03-12,4.94,4.95,4.97,4.91,2227469,750899728.0,601288,农业银行
2021-03-15,4.95,4.99,5.01,4.93,3109148,1060902768.0,601288,农业银行
2021-03-16,4.99,4.98,5.01,4.96,2180458,745458064.0,601288,农业银行
2021-03-17,4.97,4.97,4.98,4.92,2241013,757567088.0,601288,农业银行
2021-03-18,4.96,4.96,4.99,4.95,1750022,594572048.0,601288,农业银行
2021-03-19,4.96,4.91,4.98,4.89,2695439,904510480.0,601288,农业银行
2021-03-22,4.91,4.96,4.96,4.9,2098326,707819488.0,601288,农业银行
2021-03-23,4.96,4.96,4.99,4.93,1768610,599073408.0,601288,农业银行
2021-03-24,4.96,4.97,4.97,4.93,2236547,756465216.0,601288,农业银行
2021-03-25,4.97,4.91,4.98,4.91,2326179,784273776.0,601288,农业银行
2021-03-26,4.92,4.9,4.93,4.88,2139061,712846272.0,601288,农业银行
2021-03-29,4.89,4.95,4.96,4.88,2520925,845565824.0,601288,农业银行
2021-03-30,4.95,4.95,4.96,4.92,2076789,699563312.0,601288,农业银行
2021-03-31,4.94,4.97,4.97,4.93,2156340,728751728.0,601288,农业银行
2021-04-01,4.97,4.95,4.97,4.94,1319271,446596000.0,601288,农业银行
2021-04-02,4.95,4.92,4.96,4.9,2228531,746448640.0,601288,农业银行
2021-04-06,4.91,4.91,4.92,4.9,989615,329969712.0,601288,农业银行
2021-04-07,4.9,4.92,4.92,4.88,1794959,597906576.0,601288,农业银行
2021-04-08,4.91,4.91,4.92,4.9,1368786,457078816.0,601288,农业银行
2021-04-09,4.91,4.93,4.93,4.9,1689939,565661120.0,601288,农业银行
2021-04-12,4.93,4.97,4.97,4.92,1926942,651566896.0,601288,农业银行
2021-04-13,4.97,4.96,4.98,4.94,1740652,589527680.0,601288,农业银行
2021-04-14,4.96,4.92,4.96,4.91,1699212,570667952.0,601288,农业银行
2021-04-15,4.91,4.92,4.93,4.9,1291511,431303920.0,601288,农业银行
2021-04-16,4.92,4.92,4.93,4.91,867744,290948496.0,601288,农业银行
2021-04-19,4.92,4.92,4.94,4.91,1571886,526956224.0,601288,农业银行
2021-04-20,4.92,4.9,4.92,4.9,1609638,537071344.0,601288,农业银行
2021-04-21,4.9,4.9,4.91,4.89,1113391,370964368.0,601288,农业银行
2021-04-22,4.91,4.87,4.91,4.86,1922219,635994448.0,601288,农业银行
2021-04-23,4.87,4.83,4.88,4.83,2007128,657527616.0,601288,农业银行
2021-04-26,4.84,4.81,4.85,4.81,1834030,596824720.0,601288,农业银行
2021-04-27,4.81,4.8,4.82,4.79,1350031,436020176.0,601288,农业银行
2021-04-28,4.81,4.79,4.81,4.78,1596445,513947760.0,601288,农业银行
2021-04-29,4.79,4.8,4.81,4.78,2852282,920097888.0,601288,农业银行
2021-04-30,4.8,4.77,4.81,4.76,2602852,834869088.0,601288,农业银行
2021-05-06,4.77,4.78,4.79,4.77,1526101,490538704.0,601288,农业银行
2021-05-07,4.78,4.82,4.83,4.78,2206651,713876480.0,601288,农业银行
2021-05-10,4.82,4.81,4.82,4.79,1505542,487477200.0,601288,农业银行
2021-05-11,4.81,4.83,4.84,4.8,1618163,526391648.0,601288,农业银行
2021-05-12,4.82,4.84,4.85,4.81,1319707,430882768.0,601288,农业银行
2021-05-13,4.83,4.84,4.84,4.82,1058381,344811776.0,601288,农业银行
2021-05-14,4.84,4.86,4.86,4.83,1418803,464528208.0,601288,农业银行
2021-05-17,4.85,4.84,4.86,4.83,1512399,495123568.0,601288,农业银行
2021-05-18,4.84,4.82,4.84,4.81,1701609,552730944.0,601288,农业银行
2021-05-19,4.82,4.81,4.82,4.8,1553719,503004288.0,601288,农业银行
2021-05-20,4.81,4.82,4.83,4.8,1590669,516593168.0,601288,农业银行
2021-05-21,4.82,4.81,4.83,4.8,1175338,381308672.0,601288,农业银行
2021-05-24,4.81,4.81,4.82,4.8,930928,301950240.0,601288,农业银行
2021-05-25,4.82,4.84,4.85,4.81,3820642,1246905952.0,601288,农业银行
2021-05-26,4.84,4.85,4.86,4.83,2366461,774875776.0,601288,农业银行
2021-05-27,4.85,4.84,4.86,4.84,1729847,566782064.0,601288,农业银行
2021-05-28,4.85,4.85,4.86,4.83,2095581,686023456.0,601288,农业银行
2021-05-31,4.85,4.83,4.85,4.82,1872460,610437744.0,601288,农业银行
2021-06-01,4.83,4.82,4.83,4.81,1783101,578933136.0,601288,农业银行
2021-06-02,4.82,4.86,4.86,4.8,3614954,1178549616.0,601288,农业银行
2021-06-03,4.86,4.86,4.88,4.85,2674263,881657472.0,601288,农业银行
2021-06-04,4.86,4.89,4.9,4.86,2812085,929936864.0,601288,农业银行
2021-06-07,4.89,4.89,4.9,4.86,2805175,929602912.0,601288,农业银行
2021-06-08,4.89,4.92,4.92,4.86,3681243,1224758704.0,601288,农业银行
2021-06-09,4.91,4.92,4.94,4.91,2787431,935474912.0,601288,农业银行
2021-06-10,4.91,4.89,4.94,4.88,2541244,848384192.0,601288,农业银行
2021-06-11,4.89,4.89,4.91,4.87,2011294,667013072.0,601288,农业银行
2021-06-15,4.89,4.85,4.9,4.84,2209726,726180848.0,601288,农业银行
2021-06-16,4.85,4.84,4.86,4.83,2246812,735860560.0,601288,农业银行
2021-06-17,4.85,4.84,4.89,4.83,3092721,957602896.0,601288,农业银行
2021-06-18,4.84,4.81,4.84,4.81,2602889,796759280.0,601288,农业银行
2021-06-21,4.82,4.79,4.82,4.78,2532135,768721568.0,601288,农业银行
2021-06-22,4.79,4.8,4.81,4.78,1989144,603739616.0,601288,农业银行
2021-06-23,4.79,4.8,4.81,4.79,1774258,538371840.0,601288,农业银行
2021-06-24,4.8,4.82,4.82,4.79,2070031,630475760.0,601288,农业银行
2021-06-25,4.81,4.83,4.84,4.81,1326847,407175312.0,601288,农业银行
2021-06-28,4.83,4.81,4.84,4.8,1426092,435127584.0,601288,农业银行
2021-06-29,4.8,4.79,4.81,4.79,1329395,403513904.0,601288,农业银行
2021-06-30,4.79,4.79,4.81,4.79,1647993,500193184.0,601288,农业银行
2021-07-01,4.8,4.8,4.81,4.79,1109275,337187184.0,601288,农业银行
2021-07-02,4.8,4.79,4.81,4.79,1305828,396332640.0,601288,农业银行
2021-07-05,4.79,4.8,4.8,4.78,1493881,453152288.0,601288,农业银行
2021-07-06,4.8,4.81,4.81,4.79,1310203,398330192.0,601288,农业银行
2021-07-07,4.8,4.79,4.81,4.79,1134287,345052272.0,601288,农业银行
2021-07-08,4.8,4.78,4.81,4.78,1763512,534833024.0,601288,农业银行
2021-07-09,4.79,4.79,4.8,4.78,1956857,592508608.0,601288,农业银行
2021-07-12,4.8,4.78,4.8,4.78,2047292,619426608.0,601288,农业银行
2021-07-13,4.78,4.78,4.79,4.77,1855760,560973040.0,601288,农业银行
2021-07-14,4.79,4.75,4.79,4.74,2974130,891945008.0,601288,农业银行
2021-07-15,4.75,4.76,4.77,4.75,1582344,475074656.0,601288,农业银行
2021-07-16,4.76,4.75,4.77,4.75,1350142,404410288.0,601288,农业银行
2021-07-19,4.75,4.76,4.77,4.75,1338805,401263616.0,601288,农业银行
2021-07-20,4.76,4.76,4.76,4.75,1039303,311169856.0,601288,农业银行
2021-07-21,4.75,4.75,4.76,4.74,1876158,560996128.0,601288,农业银行
2021-07-22,4.75,4.76,4.76,4.74,1295345,387639232.0,601288,农业银行
2021-07-23,4.75,4.75,4.76,4.74,1632419,487867168.0,601288,农业银行
2021-07-26,4.75,4.74,4.76,4.73,2198352,655192320.0,601288,农业银行
2021-07-27,4.74,4.72,4.75,4.72,2279114,677285856.0,601288,农业银行
2021-07-28,4.72,4.73,4.74,4.71,3066469,910517888.0,601288,农业银行
2021-07-29,4.73,4.71,4.74,4.71,1634062,483543968.0,601288,农业银行
2021-07-30,4.71,4.69,4.72,4.68,1919688,562566720.0,601288,农业银行
2021-08-02,4.68,4.7,4.71,4.66,2362338,691216080.0,601288,农业银行
2021-08-03,4.69,4.68,4.69,4.67,1595358,465289280.0,601288,农业银行
2021-08-04,4.67,4.68,4.69,4.67,1324489,386261296.0,601288,农业银行
2021-08-05,4.67,4.66,4.68,4.66,1521286,442859840.0,601288,农业银行
2021-08-06,4.67,4.67,4.67,4.66,1024003,297518448.0,601288,农业银行
2021-08-09,4.66,4.68,4.69,4.66,1678235,489971760.0,601288,农业银行
2021-08-10,4.68,4.68,4.69,4.67,1423640,415376864.0,601288,农业银行
2021-08-11,4.68,4.71,4.72,4.68,3082060,907452864.0,601288,农业银行
2021-08-12,4.7,4.7,4.71,4.69,1211604,355821440.0,601288,农业银行
2021-08-13,4.69,4.69,4.7,4.68,901282,264155209.0,601288,农业银行
2021-08-16,4.69,4.69,4.7,4.68,1012688,297216640.0,601288,农业银行
2021-08-17,4.69,4.69,4.71,4.69,1780377,523495104.0,601288,农业银行
2021-08-18,4.68,4.72,4.73,4.68,2365523,697692528.0,601288,农业银行
2021-08-19,4.72,4.7,4.72,4.69,1511866,445044160.0,601288,农业银行
2021-08-20,4.7,4.72,4.73,4.69,2118414,624720224.0,601288,农业银行
2021-08-23,4.72,4.71,4.72,4.71,1273690,376144240.0,601288,农业银行
2021-08-24,4.71,4.7,4.72,4.7,1177604,346800512.0,601288,农业银行
2021-08-25,4.7,4.69,4.7,4.69,1099466,322486144.0,601288,农业银行
2021-08-26,4.69,4.68,4.7,4.68,1222318,357327488.0,601288,农业银行
2021-08-27,4.68,4.69,4.69,4.68,1282525,375021952.0,601288,农业银行
2021-08-30,4.68,4.68,4.69,4.67,1972912,575297472.0,601288,农业银行
2021-08-31,4.68,4.72,4.72,4.67,2664243,783608128.0,601288,农业银行
2021-09-01,4.71,4.75,4.75,4.71,3381567,1004927616.0,601288,农业银行
2021-09-02,4.74,4.74,4.75,4.73,1602181,477514048.0,601288,农业银行
2021-09-03,4.75,4.77,4.77,4.73,2172751,651084656.0,601288,农业银行
2021-09-06,4.76,4.77,4.78,4.75,1601023,481247248.0,601288,农业银行
2021-09-07,4.77,4.78,4.8,4.75,2456224,739318336.0,601288,农业银行
2021-09-08,4.79,4.8,4.81,4.77,2088003,633163504.0,601288,农业银行
2021-09-09,4.79,4.8,4.81,4.78,1716370,521023456.0,601288,农业银行
2021-09-10,4.8,4.8,4.84,4.79,3263724,996707808.0,601288,农业银行
2021-09-13,4.79,4.79,4.81,4.78,2331395,706945440.0,601288,农业银行
2021-09-14,4.8,4.75,4.81,4.75,2836145,855457648.0,601288,农业银行
2021-09-15,4.75,4.74,4.76,4.73,2007712,599470144.0,601288,农业银行
2021-09-16,4.74,4.73,4.76,4.73,2632774,785118736.0,601288,农业银行
2021-09-17,4.73,4.74,4.75,4.73,1895274,564732416.0,601288,农业银行
2021-09-22,4.71,4.71,4.72,4.7,2319196,684075440.0,601288,农业银行
2021-09-23,4.72,4.72,4.74,4.71,1984368,588201536.0,601288,农业银行
2021-09-24,4.72,4.7,4.73,4.7,1728573,510736352.0,601288,农业银行
2021-09-27,4.7,4.69,4.71,4.68,2304530,675746288.0,601288,农业银行
2021-09-28,4.69,4.71,4.72,4.69,2160211,636695312.0,601288,农业银行
2021-09-29,4.7,4.72,4.73,4.69,2480507,731292496.0,601288,农业银行
2021-09-30,4.71,4.7,4.72,4.69,2060523,606750336.0,601288,农业银行
2021-10-08,4.71,4.72,4.73,4.7,2600396,768969536.0,601288,农业银行
2021-10-11,4.72,4.75,4.76,4.71,3084897,920163168.0,601288,农业银行
2021-10-12,4.74,4.74,4.75,4.73,2406115,716972176.0,601288,农业银行
2021-10-13,4.74,4.72,4.74,4.72,1423437,422339008.0,601288,农业银行
2021-10-14,4.73,4.71,4.73,4.71,1332779,393993680.0,601288,农业银行
2021-10-15,4.72,4.71,4.72,4.71,1612850,476510432.0,601288,农业银行
2021-10-18,4.71,4.72,4.72,4.7,2012591,594658944.0,601288,农业银行
2021-10-19,4.71,4.71,4.72,4.71,1485276,438564128.0,601288,农业银行
2021-10-20,4.71,4.71,4.72,4.7,1482814,437032272.0,601288,农业银行
2021-10-21,4.71,4.73,4.73,4.7,2357275,697813568.0,601288,农业银行
2021-10-22,4.73,4.72,4.74,4.71,1671063,495329584.0,601288,农业银行
2021-10-25,4.72,4.72,4.73,4.71,1439506,425766336.0,601288,农业银行
2021-10-26,4.72,4.7,4.72,4.7,2177355,641859776.0,601288,农业银行
2021-10-27,4.7,4.7,4.71,4.69,1617751,474975184.0,601288,农业银行
2021-10-28,4.7,4.69,4.7,4.68,1586692,465108128.0,601288,农业银行
2021-10-29,4.7,4.7,4.7,4.69,1487463,436756064.0,601288,农业银行
2021-11-01,4.7,4.72,4.72,4.69,2672993,788766144.0,601288,农业银行
2021-11-02,4.72,4.69,4.72,4.68,3040744,894058704.0,601288,农业银行
2021-11-03,4.69,4.69,4.7,4.68,1752128,513769664.0,601288,农业银行
2021-11-04,4.69,4.68,4.7,4.68,1757475,514137104.0,601288,农业银行
2021-11-05,4.68,4.68,4.69,4.68,1400458,409354624.0,601288,农业银行
2021-11-08,4.68,4.68,4.69,4.68,1334761,390205936.0,601288,农业银行
2021-11-09,4.69,4.68,4.69,4.68,1220666,356870672.0,601288,农业银行
2021-11-10,4.68,4.67,4.69,4.67,1849564,539373120.0,601288,农业银行
2021-11-11,4.67,4.7,4.7,4.67,2288791,670116512.0,601288,农业银行
2021-11-12,4.69,4.69,4.7,4.68,1507437,441395616.0,601288,农业银行
2021-11-15,4.69,4.69,4.7,4.68,1420810,416384784.0,601288,农业银行
2021-11-16,4.69,4.69,4.7,4.68,1444861,423157648.0,601288,农业银行
2021-11-17,4.69,4.69,4.7,4.68,1778330,520597504.0,601288,农业银行
2021-11-18,4.69,4.69,4.7,4.68,1448098,424794800.0,601288,农业银行
2021-11-19,4.69,4.71,4.71,4.69,2314892,680471888.0,601288,农业银行
2021-11-22,4.7,4.7,4.71,4.69,1842327,541779984.0,601288,农业银行
2021-11-23,4.7,4.7,4.7,4.69,1454402,426858416.0,601288,农业银行
2021-11-24,4.69,4.7,4.7,4.69,1277552,375007920.0,601288,农业银行
2021-11-25,4.69,4.68,4.7,4.68,1473215,431653120.0,601288,农业银行
2021-11-26,4.69,4.68,4.69,4.67,2041048,596008256.0,601288,农业银行
2021-11-29,4.67,4.68,4.68,4.67,2426868,707234672.0,601288,农业银行
2021-11-30,4.68,4.67,4.68,4.67,1969399,573780640.0,601288,农业银行
2021-12-01,4.67,4.69,4.69,4.67,1810932,529354128.0,601288,农业银行
2021-12-02,4.69,4.69,4.69,4.68,1802017,526986736.0,601288,农业银行
2021-12-03,4.68,4.69,4.69,4.68,1576916,461163776.0,601288,农业银行
2021-12-06,4.69,4.69,4.7,4.68,2165852,635246464.0,601288,农业银行
2021-12-07,4.7,4.7,4.71,4.69,3022807,888732608.0,601288,农业银行
2021-12-08,4.71,4.69,4.71,4.69,2561223,751441424.0,601288,农业银行
2021-12-09,4.7,4.71,4.71,4.69,3287484,967615120.0,601288,农业银行
2021-12-10,4.7,4.7,4.71,4.7,3422935,1008094288.0,601288,农业银行
2021-12-13,4.7,4.69,4.71,4.69,2575868,757737440.0,601288,农业银行
2021-12-14,4.69,4.69,4.7,4.68,2424296,711139280.0,601288,农业银行
2021-12-15,4.68,4.69,4.7,4.68,2405473,703990432.0,601288,农业银行
2021-12-16,4.69,4.7,4.7,4.68,2524124,740494976.0,601288,农业银行
2021-12-17,4.7,4.69,4.7,4.69,2102581,616808816.0,601288,农业银行
2021-12-20,4.69,4.7,4.7,4.69,1757762,516219776.0,601288,农业银行
2021-12-21,4.7,4.7,4.71,4.69,2765155,814104656.0,601288,农业银行
2021-12-22,4.71,4.7,4.72,4.7,2350069,692520592.0,601288,农业银行
2021-12-23,4.7,4.7,4.71,4.69,1640132,482534688.0,601288,农业银行
2021-12-24,4.7,4.7,4.71,4.69,1331792,391172256.0,601288,农业银行
2021-12-27,4.7,4.7,4.7,4.69,1310715,384839280.0,601288,农业银行
2021-12-28,4.7,4.71,4.72,4.69,2946585,868094784.0,601288,农业银行
2021-12-29,4.7,4.7,4.71,4.69,1619991,476009264.0,601288,农业银行
2021-12-30,4.7,4.7,4.7,4.69,1830234,537349472.0,601288,农业银行
2021-12-31,4.7,4.7,4.7,4.69,1073074,315010032.0,601288,农业银行
2022-01-04,4.7,4.7,4.71,4.69,2310244,679017952.0,601288,农业银行
2022-01-05,4.7,4.73,4.73,4.7,4724651,1398675648.0,601288,农业银行
2022-01-06,4.72,4.72,4.73,4.72,2214268,656735408.0,601288,农业银行
2022-01-07,4.72,4.75,4.76,4.72,4190490,1249574464.0,601288,农业银行
2022-01-10,4.75,4.75,4.77,4.74,3135207,938625584.0,601288,农业银行
2022-01-11,4.75,4.76,4.77,4.74,2427763,728641232.0,601288,农业银行
2022-01-12,4.76,4.74,4.77,4.73,2532624,755871616.0,601288,农业银行
2022-01-13,4.74,4.77,4.77,4.74,3369837,1011846576.0,601288,农业银行
2022-01-14,4.77,4.73,4.77,4.72,3132315,934219568.0,601288,农业银行
2022-01-17,4.73,4.71,4.74,4.71,2017546,596789936.0,601288,农业银行
2022-01-18,4.72,4.75,4.75,4.71,2973020,882677888.0,601288,农业银行
2022-01-19,4.74,4.74,4.75,4.73,2155923,643322960.0,601288,农业银行
2022-01-20,4.75,4.76,4.77,4.74,3611030,1083894304.0,601288,农业银行
2022-01-21,4.76,4.76,4.77,4.74,2287638,683519552.0,601288,农业银行
2022-01-24,4.75,4.75,4.76,4.73,2873472,858239152.0,601288,农业银行
2022-01-25,4.74,4.71,4.75,4.71,2748280,815030112.0,601288,农业银行
2022-01-26,4.71,4.72,4.73,4.71,2319472,685802144.0,601288,农业银行
2022-01-27,4.71,4.71,4.73,4.7,3112173,919160096.0,601288,农业银行
2022-01-28,4.71,4.72,4.74,4.71,3668891,1088860128.0,601288,农业银行
2022-02-07,4.74,4.76,4.77,4.73,3503654,1049043072.0,601288,农业银行
2022-02-08,4.76,4.82,4.84,4.76,5738497,1747192480.0,601288,农业银行
2022-02-09,4.82,4.81,4.84,4.8,4156029,1271945216.0,601288,农业银行
2022-02-10,4.81,4.84,4.84,4.8,3321913,1017759232.0,601288,农业银行
2022-02-11,4.83,4.84,4.85,4.82,3387088,1042018816.0,601288,农业银行
2022-02-14,4.84,4.8,4.84,4.79,3397755,1036194896.0,601288,农业银行
2022-02-15,4.8,4.78,4.81,4.78,3123908,948451792.0,601288,农业银行
2022-02-16,4.79,4.8,4.81,4.79,1845042,560434320.0,601288,农业银行
2022-02-17,4.8,4.8,4.82,4.79,2678943,815437968.0,601288,农业银行
2022-02-18,4.79,4.81,4.81,4.79,1879300,571265360.0,601288,农业银行
2022-02-21,4.81,4.79,4.81,4.79,1853321,562213440.0,601288,农业银行
2022-02-22,4.79,4.77,4.79,4.77,1966750,593734784.0,601288,农业银行
2022-02-23,4.78,4.77,4.78,4.76,2427224,729779728.0,601288,农业银行
2022-02-24,4.76,4.73,4.77,4.73,3393578,1014393168.0,601288,农业银行
2022-02-25,4.74,4.73,4.75,4.72,3150082,936673840.0,601288,农业银行
2022-02-28,4.72,4.74,4.74,4.72,2508247,745574448.0,601288,农业银行
2022-03-01,4.73,4.76,4.76,4.73,2117197,632665216.0,601288,农业银行
2022-03-02,4.75,4.76,4.76,4.74,1900072,569001152.0,601288,农业银行
2022-03-03,4.76,4.77,4.78,4.75,2239997,674048880.0,601288,农业银行
2022-03-04,4.78,4.76,4.78,4.75,2518340,755122368.0,601288,农业银行
2022-03-07,4.75,4.73,4.76,4.73,3256040,971876336.0,601288,农业银行
2022-03-08,4.73,4.73,4.74,4.72,3376255,1002979904.0,601288,农业银行
2022-03-09,4.73,4.7,4.74,4.69,4369285,1292044704.0,601288,农业银行
2022-03-10,4.72,4.7,4.73,4.7,2222319,656136816.0,601288,农业银行
2022-03-11,4.7,4.73,4.74,4.69,3726251,1098998928.0,601288,农业银行
2022-03-14,4.72,4.73,4.76,4.71,3993176,1190179360.0,601288,农业银行
2022-03-15,4.73,4.69,4.73,4.68,4766699,1402847296.0,601288,农业银行
2022-03-16,4.69,4.7,4.71,4.66,4194329,1226601600.0,601288,农业银行
2022-03-17,4.71,4.69,4.71,4.68,4070342,1193908464.0,601288,农业银行
2022-03-18,4.69,4.72,4.73,4.68,4126359,1217035712.0,601288,农业银行
2022-03-21,4.72,4.7,4.73,4.7,2114649,624082624.0,601288,农业银行
2022-03-22,4.71,4.75,4.75,4.7,3911381,1163591856.0,601288,农业银行
2022-03-23,4.75,4.75,4.76,4.73,2324452,692924576.0,601288,农业银行
2022-03-24,4.74,4.75,4.76,4.73,1941442,579873824.0,601288,农业银行
2022-03-25,4.75,4.74,4.76,4.74,2021455,603601824.0,601288,农业银行
2022-03-28,4.74,4.78,4.78,4.72,3580567,1072064448.0,601288,农业银行
2022-03-29,4.77,4.79,4.79,4.76,2120655,640843424.0,601288,农业银行
2022-03-30,4.8,4.81,4.81,4.78,3934579,1195879520.0,601288,农业银行
2022-03-31,4.81,4.84,4.85,4.8,5375238,1652024736.0,601288,农业银行
2022-04-01,4.83,4.84,4.85,4.82,3264421,1004120544.0,601288,农业银行
2022-04-06,4.83,4.86,4.87,4.83,4731533,1463006096.0,601288,农业银行
2022-04-07,4.86,4.85,4.87,4.83,3794812,1174165392.0,601288,农业银行
2022-04-08,4.85,4.86,4.86,4.83,2871153,887205984.0,601288,农业银行
2022-04-11,4.86,4.83,4.86,4.83,3480358,1073167280.0,601288,农业银行
2022-04-12,4.83,4.84,4.85,4.82,4010617,1232481328.0,601288,农业银行
2022-04-13,4.84,4.83,4.85,4.82,3466610,1067402112.0,601288,农业银行
2022-04-14,4.85,4.83,4.86,4.83,3300502,1016159968.0,601288,农业银行
2022-04-15,4.83,4.83,4.84,4.82,3495087,1074233552.0,601288,农业银行
2022-04-18,4.82,4.8,4.83,4.8,2740759,836206688.0,601288,农业银行
2022-04-19,4.8,4.82,4.82,4.79,2482613,756312704.0,601288,农业银行
2022-04-20,4.81,4.82,4.84,4.81,3002547,920536208.0,601288,农业银行
2022-04-21,4.82,4.83,4.85,4.82,4155648,1279543488.0,601288,农业银行
2022-04-22,4.83,4.85,4.86,4.83,3320530,1026526656.0,601288,农业银行
2022-04-25,4.84,4.82,4.86,4.82,5281444,1629370816.0,601288,农业银行
2022-04-26,4.82,4.83,4.85,4.81,4623296,1417173936.0,601288,农业银行
2022-04-27,4.83,4.79,4.83,4.77,4625166,1402604992.0,601288,农业银行
2022-04-28,4.78,4.82,4.82,4.78,4536611,1383331664.0,601288,农业银行
2022-04-29,4.82,4.82,4.84,4.8,3994061,1221337968.0,601288,农业银行
2022-05-05,4.83,4.84,4.85,4.81,3769362,1158006912.0,601288,农业银行
2022-05-06,4.83,4.81,4.83,4.81,2397381,733640208.0,601288,农业银行
2022-05-09,4.81,4.83,4.83,4.81,2180898,668322000.0,601288,农业银行
2022-05-10,4.82,4.85,4.86,4.82,3897462,1199441360.0,601288,农业银行
2022-05-11,4.85,4.81,4.85,4.8,4317287,1320956832.0,601288,农业银行
2022-05-12,4.81,4.79,4.81,4.79,2288678,695171184.0,601288,农业银行
2022-05-13,4.8,4.81,4.81,4.79,2025606,616478992.0,601288,农业银行
2022-05-16,4.81,4.8,4.81,4.79,3102147,943003616.0,601288,农业银行
2022-05-17,4.8,4.78,4.81,4.77,4593533,1391228672.0,601288,农业银行
2022-05-18,4.78,4.78,4.79,4.77,1965474,592678320.0,601288,农业银行
2022-05-19,4.77,4.78,4.78,4.76,2840914,855967120.0,601288,农业银行
2022-05-20,4.78,4.78,4.79,4.77,3626823,1095165728.0,601288,农业银行
2022-05-23,4.78,4.77,4.79,4.77,2725284,821570272.0,601288,农业银行
2022-05-24,4.77,4.79,4.79,4.77,3960478,1195759808.0,601288,农业银行
2022-05-25,4.78,4.79,4.79,4.78,2540752,768892272.0,601288,农业银行
2022-05-26,4.79,4.8,4.8,4.78,2993352,907548400.0,601288,农业银行
2022-05-27,4.8,4.8,4.8,4.79,2236788,679071600.0,601288,农业银行
2022-05-30,4.8,4.78,4.8,4.78,3605475,1091736016.0,601288,农业银行
2022-05-31,4.78,4.79,4.79,4.77,3742772,1131819168.0,601288,农业银行
2022-06-01,4.79,4.77,4.79,4.77,2550565,770212672.0,601288,农业银行
2022-06-02,4.77,4.77,4.78,4.77,2487739,749808320.0,601288,农业银行
2022-06-06,4.77,4.75,4.78,4.75,4856100,1455457072.0,601288,农业银行
2022-06-07,4.76,4.75,4.76,4.75,2876003,860823008.0,601288,农业银行
2022-06-08,4.76,4.75,4.76,4.74,3349122,1001564832.0,601288,农业银行
2022-06-09,4.75,4.76,4.76,4.74,3069064,918840144.0,601288,农业银行
2022-06-10,4.76,4.78,4.79,4.75,5745918,1727560400.0,601288,农业银行
2022-06-13,4.77,4.76,4.78,4.75,3444410,1033130128.0,601288,农业银行
2022-06-14,4.75,4.78,4.78,4.75,3682060,1104823296.0,601288,农业银行
2022-06-15,4.78,4.79,4.81,4.77,5268337,1598234400.0,601288,农业银行
2022-06-16,4.8,4.76,4.8,4.76,3736592,1128270112.0,601288,农业银行
2022-06-17,4.76,4.77,4.78,4.76,3048674,917163056.0,601288,农业银行
2022-06-20,4.77,4.76,4.78,4.76,2840486,853305440.0,601288,农业银行
2022-06-21,4.76,4.77,4.78,4.75,3437954,1033304704.0,601288,农业银行
2022-06-22,4.78,4.77,4.79,4.77,3141313,947542224.0,601288,农业银行
2022-06-23,4.78,4.78,4.79,4.77,3416264,1030959184.0,601288,农业银行
2022-06-24,4.79,4.77,4.79,4.77,3437101,1036856768.0,601288,农业银行
2022-06-27,4.77,4.77,4.78,4.76,4717935,1420665632.0,601288,农业银行
2022-06-28,4.77,4.77,4.78,4.76,2750029,827478320.0,601288,农业银行
2022-06-29,4.78,4.78,4.79,4.77,3616085,1091487008.0,601288,农业银行
2022-06-30,4.78,4.78,4.79,4.77,3342373,1009274320.0,601288,农业银行
2022-07-01,4.78,4.77,4.78,4.77,2082978,627873840.0,601288,农业银行
2022-07-04,4.77,4.78,4.78,4.77,2747384,828596528.0,601288,农业银行
2022-07-05,4.78,4.79,4.79,4.77,2599479,786466976.0,601288,农业银行
2022-07-06,4.79,4.78,4.79,4.77,4472487,1351265408.0,601288,农业银行
2022-07-07,4.78,4.78,4.79,4.77,2573363,778468592.0,601288,农业银行
2022-07-08,4.79,4.79,4.8,4.78,3012419,912173056.0,601288,农业银行
2022-07-11,4.79,4.8,4.81,4.79,5057244,1539172480.0,601288,农业银行
2022-07-12,4.8,4.8,4.82,4.8,5364534,1634804404.0,601288,农业银行
2022-07-13,4.8,4.77,4.81,4.77,6306657,1905757573.0,601288,农业银行
2022-07-14,4.77,4.71,4.77,4.7,8702018,2578368894.0,601288,农业银行
2022-07-15,4.74,4.72,4.75,4.72,5725633,1588375525.0,601288,农业银行
2022-07-18,4.73,4.76,4.76,4.72,2874599,801102948.0,601288,农业银行
2022-07-19,4.76,4.8,4.8,4.75,3625977,1023270401.0,601288,农业银行
2022-07-20,4.81,4.81,4.82,4.8,2660880,758516854.0,601288,农业银行
2022-07-21,4.82,4.78,4.82,4.78,2732961,775087033.0,601288,农业银行
2022-07-22,4.79,4.81,4.82,4.78,3022450,859447727.0,601288,农业银行
2022-07-25,4.81,4.82,4.82,4.8,1677340,477884537.0,601288,农业银行
2022-07-26,4.82,4.82,4.84,4.82,2526238,724980747.0,601288,农业银行
2022-07-27,4.83,4.8,4.83,4.8,1925604,549318760.0,601288,农业银行
2022-07-28,4.8,4.81,4.82,4.79,2375320,676696811.0,601288,农业银行
2022-07-29,4.82,4.81,4.82,4.79,2308259,656880480.0,601288,农业银行
2022-08-01,4.8,4.8,4.81,4.79,2049073,581970679.0,601288,农业银行
2022-08-02,4.79,4.77,4.8,4.76,2976614,837946010.0,601288,农业银行
2022-08-03,4.78,4.76,4.79,4.76,2159805,607736268.0,601288,农业银行
2022-08-04,4.77,4.82,4.82,4.76,4110166,1167201245.0,601288,农业银行
2022-08-05,4.82,4.82,4.82,4.8,1914577,546637333.0,601288,农业银行
2022-08-08,4.81,4.8,4.82,4.79,2444495,695614123.0,601288,农业银行
2022-08-09,4.81,4.8,4.81,4.79,1500987,426255480.0,601288,农业银行
2022-08-10,4.8,4.8,4.8,4.78,1178082,333681764.0,601288,农业银行
2022-08-11,4.8,4.81,4.82,4.79,2028098,576780649.0,601288,农业银行
2022-08-12,4.8,4.79,4.81,4.77,2705042,765825256.0,601288,农业银行
2022-08-15,4.79,4.79,4.8,4.78,1757603,497234869.0,601288,农业银行
2022-08-16,4.79,4.78,4.8,4.78,1172029,331231054.0,601288,农业银行
2022-08-17,4.79,4.79,4.8,4.77,2551290,720864621.0,601288,农业银行
2022-08-18,4.79,4.78,4.8,4.77,1552136,438081583.0,601288,农业银行
2022-08-19,4.77,4.79,4.79,4.77,1335139,377226170.0,601288,农业银行
2022-08-22,4.78,4.78,4.79,4.78,1401750,395939385.0,601288,农业银行
2022-08-23,4.79,4.78,4.79,4.78,1229923,347123716.0,601288,农业银行
2022-08-24,4.78,4.78,4.79,4.77,1813911,511994625.0,601288,农业银行
2022-08-25,4.78,4.79,4.79,4.77,1725369,486313582.0,601288,农业银行
2022-08-26,4.79,4.78,4.79,4.78,1267749,358123121.0,601288,农业银行
2022-08-29,4.78,4.78,4.79,4.77,1826871,515428189.0,601288,农业银行
2022-08-30,4.78,4.78,4.79,4.78,1522845,429963728.0,601288,农业银行
2022-08-31,4.79,4.81,4.81,4.78,4342195,1232398695.0,601288,农业银行
2022-09-01,4.8,4.79,4.81,4.79,1504962,427048412.0,601288,农业银行
2022-09-02,4.8,4.79,4.81,4.79,1906548,541420351.0,601288,农业银行
2022-09-05,4.79,4.8,4.8,4.78,1539692,435926278.0,601288,农业银行
2022-09-06,4.8,4.8,4.81,4.79,1681325,478353867.0,601288,农业银行
2022-09-07,4.81,4.79,4.81,4.78,2039586,577674037.0,601288,农业银行
2022-09-08,4.79,4.79,4.8,4.79,1664765,471693370.0,601288,农业银行
2022-09-09,4.8,4.8,4.81,4.79,3081363,876153302.0,601288,农业银行
2022-09-13,4.81,4.81,4.82,4.8,3144044,897026846.0,601288,农业银行
2022-09-14,4.8,4.81,4.82,4.8,2950859,842657817.0,601288,农业银行
2022-09-15,4.82,4.83,4.83,4.81,3971217,1137006551.0,601288,农业银行
2022-09-16,4.83,4.81,4.84,4.81,4191390,1201158569.0,601288,农业银行
2022-09-19,4.81,4.83,4.83,4.81,2921358,835643350.0,601288,农业银行
2022-09-20,4.83,4.8,4.84,4.8,2693826,769139943.0,601288,农业银行
2022-09-21,4.81,4.82,4.83,4.79,2532442,722591810.0,601288,农业银行
2022-09-22,4.82,4.82,4.83,4.81,1960001,560198264.0,601288,农业银行
2022-09-23,4.82,4.84,4.85,4.82,4191164,1204906084.0,601288,农业银行
2022-09-26,4.84,4.81,4.85,4.81,3667547,1051482364.0,601288,农业银行
2022-09-27,4.81,4.79,4.82,4.79,2391625,679122344.0,601288,农业银行
2022-09-28,4.79,4.81,4.82,4.79,2512077,714893532.0,601288,农业银行
2022-09-29,4.82,4.78,4.82,4.78,2513124,712655391.0,601288,农业银行
2022-09-30,4.79,4.82,4.82,4.79,2602100,741591561.0,601288,农业银行
2022-10-10,4.81,4.83,4.84,4.81,6209579,1782084992.0,601288,农业银行
2022-10-11,4.83,4.83,4.85,4.81,3930747,1129394774.0,601288,农业银行
2022-10-12,4.83,4.82,4.84,4.81,2984198,855499375.0,601288,农业银行
2022-10-13,4.82,4.82,4.83,4.81,2193884,626478244.0,601288,农业银行
2022-10-14,4.82,4.81,4.83,4.8,4427677,1264372113.0,601288,农业银行
2022-10-17,4.81,4.81,4.82,4.8,1758097,500341936.0,601288,农业银行
2022-10-18,4.81,4.81,4.82,4.8,2120571,603017402.0,601288,农业银行
2022-10-19,4.8,4.8,4.81,4.8,1763818,501767938.0,601288,农业银行
2022-10-20,4.8,4.81,4.81,4.8,2183254,621303866.0,601288,农业银行
2022-10-21,4.81,4.82,4.83,4.8,3338062,953727146.0,601288,农业银行
2022-10-24,4.82,4.81,4.83,4.81,4429840,1265635083.0,601288,农业银行
2022-10-25,4.81,4.81,4.82,4.8,3202701,913068026.0,601288,农业银行
2022-10-26,4.82,4.79,4.82,4.78,5359026,1521253731.0,601288,农业银行
2022-10-27,4.79,4.76,4.79,4.74,5815665,1634359318.0,601288,农业银行
2022-10-28,4.76,4.76,4.77,4.75,3067467,858092862.0,601288,农业银行
2022-10-31,4.75,4.72,4.76,4.72,4235208,1178214201.0,601288,农业银行
2022-11-01,4.73,4.69,4.73,4.67,8534811,2333726522.0,601288,农业银行
2022-11-02,4.68,4.68,4.69,4.66,5364922,1455440912.0,601288,农业银行
2022-11-03,4.68,4.68,4.69,4.67,1874573,510679784.0,601288,农业银行
2022-11-04,4.69,4.71,4.72,4.68,4020349,1101790747.0,601288,农业银行
2022-11-07,4.7,4.71,4.71,4.7,2867223,786734236.0,601288,农业银行
2022-11-08,4.71,4.69,4.71,4.69,2715506,742702619.0,601288,农业银行
2022-11-09,4.69,4.71,4.71,4.69,1608438,441416880.0,601288,农业银行
2022-11-10,4.7,4.72,4.73,4.69,3345455,920157587.0,601288,农业银行
2022-11-11,4.73,4.75,4.75,4.72,4084083,1133491211.0,601288,农业银行
2022-11-14,4.75,4.76,4.78,4.75,3303146,926483591.0,601288,农业银行
2022-11-15,4.77,4.76,4.77,4.75,1869000,523859485.0,601288,农业银行
2022-11-16,4.76,4.75,4.77,4.75,1801133,503590379.0,601288,农业银行
2022-11-17,4.75,4.75,4.76,4.74,1960052,547569193.0,601288,农业银行
2022-11-18,4.76,4.75,4.77,4.75,2719239,761038387.0,601288,农业银行
2022-11-21,4.75,4.75,4.76,4.74,1923287,536961129.0,601288,农业银行
2022-11-22,4.75,4.77,4.79,4.75,3258203,916859518.0,601288,农业银行
2022-11-23,4.79,4.8,4.81,4.78,3457235,982132415.0,601288,农业银行
2022-11-24,4.81,4.79,4.82,4.79,1658552,471382293.0,601288,农业银行
2022-11-25,4.8,4.83,4.84,4.79,5097654,1459594992.0,601288,农业银行
2022-11-28,4.82,4.82,4.82,4.79,3465155,986215588.0,601288,农业银行
2022-11-29,4.82,4.84,4.85,4.81,4993834,1436056647.0,601288,农业银行
2022-11-30,4.83,4.84,4.85,4.83,3499784,1008145647.0,601288,农业银行
2022-12-01,4.85,4.82,4.85,4.82,2946809,846958385.0,601288,农业银行
2022-12-02,4.82,4.82,4.83,4.81,2396545,684474530.0,601288,农业银行
2022-12-05,4.83,4.85,4.85,4.81,4114258,1183107671.0,601288,农业银行
2022-12-06,4.85,4.85,4.86,4.83,3238564,936197272.0,601288,农业银行
2022-12-07,4.85,4.84,4.86,4.84,2952957,852680269.0,601288,农业银行
2022-12-08,4.84,4.86,4.86,4.83,2053809,593727428.0,601288,农业银行
2022-12-09,4.86,4.85,4.86,4.84,2280346,659684094.0,601288,农业银行
2022-12-12,4.85,4.82,4.85,4.82,3482973,1000917803.0,601288,农业银行
2022-12-13,4.82,4.84,4.85,4.82,2672123,769713265.0,601288,农业银行
2022-12-14,4.86,4.85,4.86,4.84,1833950,529354020.0,601288,农业银行
2022-12-15,4.85,4.84,4.85,4.83,1627743,468320612.0,601288,农业银行
2022-12-16,4.84,4.86,4.86,4.83,2697098,779143730.0,601288,农业银行
2022-12-19,4.86,4.84,4.86,4.83,2628156,757784766.0,601288,农业银行
2022-12-20,4.83,4.81,4.85,4.81,2365620,678632169.0,601288,农业银行
2022-12-21,4.82,4.81,4.83,4.81,1248252,356822308.0,601288,农业银行
2022-12-22,4.83,4.82,4.83,4.81,1386536,396880824.0,601288,农业银行
2022-12-23,4.82,4.83,4.84,4.81,1895851,544130110.0,601288,农业银行
2022-12-26,4.83,4.81,4.84,4.81,2107889,602629561.0,601288,农业银行
2022-12-27,4.82,4.85,4.86,4.82,3566586,1028579686.0,601288,农业银行
2022-12-28,4.86,4.86,4.87,4.85,3510244,1019012164.0,601288,农业银行
2022-12-29,4.86,4.84,4.87,4.84,2374404,684870642.0,601288,农业银行
2022-12-30,4.85,4.87,4.88,4.84,3854640,1120357221.0,601288,农业银行
2023-01-03,4.87,4.86,4.87,4.85,2987682,865794642.0,601288,农业银行
2023-01-04,4.86,4.89,4.9,4.85,3972458,1160297953.0,601288,农业银行
2023-01-05,4.9,4.89,4.91,4.88,2972185,871739563.0,601288,农业银行
2023-01-06,4.89,4.88,4.9,4.87,3621642,1056426678.0,601288,农业银行
2023-01-09,4.89,4.88,4.89,4.87,2251798,657844201.0,601288,农业银行
2023-01-10,4.88,4.87,4.88,4.86,2634671,765535627.0,601288,农业银行
2023-01-11,4.87,4.87,4.88,4.86,1981618,577413644.0,601288,农业银行
2023-01-12,4.87,4.88,4.88,4.86,2863624,834309536.0,601288,农业银行
2023-01-13,4.88,4.9,4.9,4.87,3083283,904597202.0,601288,农业银行
2023-01-16,4.9,4.87,4.91,4.87,5611539,1641445615.0,601288,农业银行
2023-01-17,4.87,4.87,4.88,4.86,2234450,650261778.0,601288,农业银行
2023-01-18,4.88,4.88,4.89,4.87,2228855,651005844.0,601288,农业银行
2023-01-19,4.88,4.88,4.89,4.87,1949922,568826257.0,601288,农业银行
2023-01-20,4.88,4.88,4.88,4.87,3064832,893420491.0,601288,农业银行
2023-01-30,4.89,4.88,4.9,4.87,3779497,1104270710.0,601288,农业银行
2023-01-31,4.88,4.87,4.89,4.87,2316896,675999716.0,601288,农业银行
2023-02-01,4.87,4.88,4.88,4.86,2606571,759218438.0,601288,农业银行
2023-02-02,4.88,4.88,4.89,4.87,2739866,799695519.0,601288,农业银行
2023-02-03,4.88,4.87,4.89,4.87,2598663,757665566.0,601288,农业银行
2023-02-06,4.87,4.88,4.88,4.86,1934542,563298376.0,601288,农业银行
2023-02-07,4.88,4.88,4.88,4.87,1118939,326171670.0,601288,农业银行
2023-02-08,4.88,4.88,4.89,4.87,2275743,664816985.0,601288,农业银行
2023-02-09,4.89,4.89,4.89,4.88,1417005,414671950.0,601288,农业银行
2023-02-10,4.89,4.89,4.89,4.88,1304855,381696608.0,601288,农业银行
2023-02-13,4.88,4.88,4.89,4.87,2882647,840725082.0,601288,农业银行
2023-02-14,4.88,4.87,4.88,4.87,1170388,341099022.0,601288,农业银行
2023-02-15,4.88,4.87,4.88,4.87,1941543,565761918.0,601288,农业银行
2023-02-16,4.87,4.87,4.88,4.87,1807871,526940816.0,601288,农业银行
2023-02-17,4.87,4.88,4.89,4.87,3563911,1040774951.0,601288,农业银行
2023-02-20,4.88,4.9,4.9,4.88,3390376,993787516.0,601288,农业银行
2023-02-21,4.9,4.9,4.9,4.89,2383318,700090187.0,601288,农业银行
2023-02-22,4.9,4.89,4.9,4.89,1571124,461138737.0,601288,农业银行
2023-02-23,4.9,4.89,4.91,4.89,2846116,836739868.0,601288,农业银行
2023-02-24,4.89,4.88,4.9,4.88,2635366,771959882.0,601288,农业银行
2023-02-27,4.89,4.88,4.89,4.87,2361758,689974487.0,601288,农业银行
2023-02-28,4.89,4.89,4.89,4.87,1856982,543098945.0,601288,农业银行
2023-03-01,4.89,4.89,4.9,4.88,3386191,991818946.0,601288,农业银行
2023-03-02,4.89,4.89,4.9,4.88,2226700,653172788.0,601288,农业银行
2023-03-03,4.9,4.93,4.93,4.89,5837474,1721726935.0,601288,农业银行
2023-03-06,4.94,4.92,4.95,4.92,4597401,1367879111.0,601288,农业银行
2023-03-07,4.93,4.97,5.01,4.92,8555751,2584704025.0,601288,农业银行
2023-03-08,4.97,4.98,4.98,4.94,3370719,1010284084.0,601288,农业银行
2023-03-09,4.97,4.97,5.01,4.97,4091318,1239268101.0,601288,农业银行
2023-03-10,4.96,4.94,4.97,4.94,3417306,1023816042.0,601288,农业银行
2023-03-13,4.94,4.97,4.97,4.93,2788041,834695884.0,601288,农业银行
2023-03-14,4.96,4.97,4.99,4.95,2836817,854900545.0,601288,农业银行
2023-03-15,4.98,5.0,5.01,4.97,3476944,1054554042.0,601288,农业银行
2023-03-16,4.99,5.03,5.07,4.99,6762034,2082029866.0,601288,农业银行
2023-03-17,5.04,5.04,5.07,5.02,5038062,1553999211.0,601288,农业银行
2023-03-20,5.04,5.06,5.09,5.04,5575066,1735218903.0,601288,农业银行
2023-03-21,5.07,5.01,5.09,5.01,4474988,1374486652.0,601288,农业银行
2023-03-22,5.02,5.05,5.05,5.01,2935810,903031349.0,601288,农业银行
2023-03-23,5.04,5.06,5.06,5.03,2594430,801215454.0,601288,农业银行
2023-03-24,5.05,5.01,5.05,5.01,2938510,900157336.0,601288,农业银行
2023-03-27,5.01,5.01,5.04,4.98,4345280,1322524448.0,601288,农业银行
2023-03-28,5.01,5.05,5.05,5.01,2787788,856846036.0,601288,农业银行
2023-03-29,5.04,5.06,5.08,5.04,3593162,1114497880.0,601288,农业银行
2023-03-30,5.07,5.05,5.09,5.04,2642463,818427374.0,601288,农业银行
2023-03-31,5.07,5.07,5.09,5.06,2996116,932554031.0,601288,农业银行
2023-04-03,5.07,5.06,5.08,5.04,3669635,1135401956.0,601288,农业银行
2023-04-04,5.06,5.11,5.11,5.05,4266798,1332738749.0,601288,农业银行
2023-04-06,5.11,5.14,5.15,5.1,4183261,1327677953.0,601288,农业银行
2023-04-07,5.15,5.13,5.15,5.11,2490524,788097113.0,601288,农业银行
2023-04-10,5.13,5.13,5.15,5.1,3534605,1118639745.0,601288,农业银行
2023-04-11,5.13,5.17,5.17,5.12,3567007,1138864460.0,601288,农业银行
2023-04-12,5.17,5.19,5.22,5.16,4116731,1330442644.0,601288,农业银行
2023-04-13,5.19,5.2,5.22,5.18,2817565,913971583.0,601288,农业银行
2023-04-14,5.21,5.19,5.22,5.19,2098956,679849631.0,601288,农业银行
2023-04-17,5.18,5.26,5.26,5.17,4241776,1384073546.0,601288,农业银行
2023-04-18,5.26,5.31,5.33,5.25,5171505,1728311882.0,601288,农业银行
2023-04-19,5.32,5.33,5.36,5.3,4631171,1560777115.0,601288,农业银行
2023-04-20,5.34,5.33,5.36,5.28,4441969,1489634770.0,601288,农业银行
2023-04-21,5.33,5.29,5.37,5.29,4659767,1570885160.0,601288,农业银行
2023-04-24,5.3,5.32,5.34,5.29,4620333,1552568739.0,601288,农业银行
2023-04-25,5.31,5.38,5.4,5.31,6235941,2122710749.0,601288,农业银行
2023-04-26,5.38,5.35,5.38,5.29,6709348,2262418204.0,601288,农业银行
2023-04-27,5.35,5.38,5.4,5.34,4553592,1553766738.0,601288,农业银行
2023-04-28,5.37,5.38,5.4,5.35,3909953,1336343715.0,601288,农业银行
2023-05-04,5.37,5.54,5.56,5.36,7483261,2634857143.0,601288,农业银行
2023-05-05,5.55,5.58,5.67,5.54,7119308,2592118181.0,601288,农业银行
2023-05-08,5.6,5.85,5.89,5.58,11798484,4488097555.0,601288,农业银行
2023-05-09,5.88,5.79,5.93,5.75,11171401,4318860344.0,601288,农业银行
2023-05-10,5.76,5.57,5.77,5.54,11708214,4288929214.0,601288,农业银行
2023-05-11,5.56,5.55,5.6,5.51,5440429,1954602330.0,601288,农业银行
2023-05-12,5.53,5.52,5.57,5.49,4581378,1635370951.0,601288,农业银行
2023-05-15,5.51,5.54,5.55,5.37,10027082,3497048121.0,601288,农业银行
2023-05-16,5.53,5.56,5.63,5.52,6593668,2390572266.0,601288,农业银行
2023-05-17,5.55,5.54,5.58,5.51,3651206,1305657283.0,601288,农业银行
2023-05-18,5.55,5.65,5.68,5.55,5839255,2139786745.0,601288,农业银行
2023-05-19,5.64,5.58,5.64,5.58,4290298,1562464629.0,601288,农业银行
2023-05-22,5.57,5.57,5.62,5.54,3908962,1412535484.0,601288,农业银行
2023-05-23,5.56,5.46,5.58,5.46,5971727,2112775582.0,601288,农业银行
2023-05-24,5.44,5.37,5.44,5.35,6852448,2347364423.0,601288,农业银行
2023-05-25,5.35,5.4,5.41,5.33,4345080,1484090053.0,601288,农业银行
2023-05-26,5.39,5.46,5.48,5.38,3067483,1068124416.0,601288,农业银行
2023-05-29,5.47,5.52,5.53,5.47,3429753,1214171786.0,601288,农业银行
2023-05-30,5.51,5.46,5.52,5.43,3975398,1395363866.0,601288,农业银行
2023-05-31,5.46,5.48,5.48,5.42,3825942,1333953359.0,601288,农业银行
2023-06-01,5.46,5.42,5.47,5.39,5065228,1752201927.0,601288,农业银行
2023-06-02,5.42,5.42,5.45,5.4,3437543,1189530652.0,601288,农业银行
2023-06-05,5.42,5.52,5.52,5.41,4353772,1535155182.0,601288,农业银行
2023-06-06,5.51,5.52,5.59,5.51,3742619,1344927931.0,601288,农业银行
2023-06-07,5.52,5.58,5.61,5.51,3468997,1254425004.0,601288,农业银行
2023-06-08,5.6,5.67,5.68,5.56,5036106,1848285770.0,601288,农业银行
2023-06-09,5.68,5.64,5.68,5.63,3425195,1263742206.0,601288,农业银行
2023-06-12,5.63,5.62,5.64,5.58,4409832,1609092228.0,601288,农业银行
2023-06-13,5.61,5.63,5.66,5.59,3465551,1272014732.0,601288,农业银行
2023-06-14,5.63,5.52,5.65,5.51,5493500,1976711806.0,601288,农业银行
2023-06-15,5.52,5.56,5.59,5.52,3626138,1303477971.0,601288,农业银行
2023-06-16,5.58,5.54,5.58,5.53,2853379,1025485345.0,601288,农业银行
2023-06-19,5.54,5.48,5.55,5.46,4399209,1551884975.0,601288,农业银行
2023-06-20,5.49,5.46,5.5,5.44,3054839,1072938550.0,601288,农业银行
2023-06-21,5.46,5.49,5.54,5.44,2998190,1062249754.0,601288,农业银行
2023-06-26,5.48,5.43,5.49,5.42,4029037,1405460730.0,601288,农业银行
2023-06-27,5.42,5.49,5.5,5.4,4113942,1436267388.0,601288,农业银行
2023-06-28,5.48,5.48,5.5,5.45,3252509,1142132203.0,601288,农业银行
2023-06-29,5.47,5.45,5.48,5.44,2864259,1002394799.0,601288,农业银行
2023-06-30,5.45,5.49,5.5,5.44,2803103,986257031.0,601288,农业银行
2023-07-03,5.5,5.58,5.59,5.49,3586927,1289108447.0,601288,农业银行
2023-07-04,5.58,5.52,5.58,5.5,3729327,1333704757.0,601288,农业银行
2023-07-05,5.53,5.51,5.53,5.48,2116226,750196677.0,601288,农业银行
2023-07-06,5.5,5.47,5.51,5.45,3439897,1209534378.0,601288,农业银行
2023-07-07,5.46,5.48,5.5,5.46,1805379,635699663.0,601288,农业银行
2023-07-10,5.48,5.47,5.5,5.46,1797165,631549193.0,601288,农业银行
2023-07-11,5.48,5.49,5.5,5.47,1845016,651229506.0,601288,农业银行
2023-07-12,5.49,5.51,5.52,5.48,2209463,782525524.0,601288,农业银行
2023-07-13,5.51,5.57,5.57,5.51,3171887,1137487358.0,601288,农业银行
2023-07-14,5.57,5.57,5.59,5.55,2954279,1066540158.0,601288,农业银行
2023-07-17,5.58,5.58,5.59,5.54,4323829,1561075059.0,601288,农业银行
2023-07-18,5.61,5.59,5.63,5.59,4001721,1368897286.0,601288,农业银行
2023-07-19,5.59,5.59,5.6,5.56,2728503,923560813.0,601288,农业银行
2023-07-20,5.59,5.61,5.62,5.58,2087402,713587887.0,601288,农业银行
2023-07-21,5.6,5.6,5.62,5.6,1494400,510819856.0,601288,农业银行
2023-07-24,5.6,5.62,5.62,5.58,1561233,532977052.0,601288,农业银行
2023-07-25,5.63,5.68,5.68,5.62,3195090,1104864187.0,601288,农业银行
2023-07-26,5.67,5.67,5.69,5.65,1784601,619755830.0,601288,农业银行
2023-07-27,5.68,5.73,5.77,5.67,3004812,1063454678.0,601288,农业银行
2023-07-28,5.72,5.8,5.81,5.71,3274327,1174131754.0,601288,农业银行
2023-07-31,5.81,5.81,5.9,5.77,4413074,1601084217.0,601288,农业银行
2023-08-01,5.8,5.82,5.84,5.78,2148570,778557012.0,601288,农业银行
2023-08-02,5.8,5.7,5.8,5.69,5010065,1776340995.0,601288,农业银行
2023-08-03,5.7,5.74,5.76,5.66,3225276,1136708753.0,601288,农业银行
2023-08-04,5.76,5.74,5.79,5.74,2805905,1001266097.0,601288,农业银行
2023-08-07,5.74,5.72,5.74,5.68,2673237,940723937.0,601288,农业银行
2023-08-08,5.71,5.7,5.74,5.69,1973531,694947563.0,601288,农业银行
2023-08-09,5.7,5.71,5.73,5.69,2064024,727010300.0,601288,农业银行
2023-08-10,5.72,5.71,5.72,5.69,1831226,644034853.0,601288,农业银行
2023-08-11,5.71,5.65,5.72,5.65,3022920,1053335192.0,601288,农业银行
2023-08-14,5.62,5.61,5.63,5.59,2794160,954197204.0,601288,农业银行
2023-08-15,5.61,5.68,5.69,5.6,3195440,1105858122.0,601288,农业银行
2023-08-16,5.67,5.68,5.69,5.64,2132165,741998271.0,601288,农业银行
2023-08-17,5.67,5.66,5.69,5.63,2455254,850902317.0,601288,农业银行
2023-08-18,5.65,5.68,5.71,5.65,2857722,1000306434.0,601288,农业银行
2023-08-21,5.7,5.62,5.7,5.61,3175587,1094981703.0,601288,农业银行
2023-08-22,5.62,5.67,5.68,5.62,3163270,1093284617.0,601288,农业银行
2023-08-23,5.67,5.67,5.7,5.66,2510814,877055262.0,601288,农业银行
2023-08-24,5.68,5.66,5.69,5.64,2763578,958730830.0,601288,农业银行
2023-08-25,5.65,5.67,5.69,5.64,2606606,907437537.0,601288,农业银行
2023-08-28,5.78,5.73,5.8,5.7,4526726,1604036617.0,601288,农业银行
2023-08-29,5.72,5.67,5.73,5.65,3975238,1386098518.0,601288,农业银行
2023-08-30,5.67,5.67,5.67,5.64,2191174,759035653.0,601288,农业银行
2023-08-31,5.67,5.65,5.69,5.65,2067046,718086877.0,601288,农业银行
2023-09-01,5.65,5.63,5.66,5.63,2133388,735846002.0,601288,农业银行
2023-09-04,5.64,5.67,5.67,5.64,2322133,804988987.0,601288,农业银行
2023-09-05,5.66,5.64,5.66,5.64,1346522,465650715.0,601288,农业银行
2023-09-06,5.64,5.65,5.66,5.64,1299552,449351790.0,601288,农业银行
2023-09-07,5.65,5.65,5.66,5.63,2006403,693324228.0,601288,农业银行
2023-09-08,5.64,5.64,5.65,5.63,1327145,457246274.0,601288,农业银行
2023-09-11,5.64,5.63,5.64,5.62,2200491,757315263.0,601288,农业银行
2023-09-12,5.63,5.63,5.64,5.62,1160455,398843512.0,601288,农业银行
2023-09-13,5.63,5.64,5.65,5.62,2058958,709864302.0,601288,农业银行
2023-09-14,5.64,5.69,5.7,5.63,4552914,1586495086.0,601288,农业银行
2023-09-15,5.7,5.66,5.72,5.66,3555351,1243775080.0,601288,农业银行
2023-09-18,5.67,5.66,5.67,5.64,2634991,912502512.0,601288,农业银行
2023-09-19,5.66,5.72,5.72,5.65,3635733,1275073721.0,601288,农业银行
2023-09-20,5.72,5.77,5.79,5.71,4177441,1489849870.0,601288,农业银行
2023-09-21,5.78,5.75,5.8,5.74,2805876,1002973676.0,601288,农业银行
2023-09-22,5.75,5.78,5.79,5.72,3714282,1325632094.0,601288,农业银行
2023-09-25,5.78,5.81,5.82,5.77,3291334,1189721524.0,601288,农业银行
2023-09-26,5.81,5.81,5.83,5.79,2586036,935691977.0,601288,农业银行
2023-09-27,5.81,5.75,5.81,5.75,3154590,1128500817.0,601288,农业银行
2023-09-28,5.77,5.79,5.81,5.76,2631104,948110745.0,601288,农业银行
2023-10-09,5.77,5.79,5.83,5.74,3022638,1084480392.0,601288,农业银行
2023-10-10,5.79,5.8,5.84,5.78,2670486,966978603.0,601288,农业银行
2023-10-11,5.81,5.84,5.85,5.79,3707038,1346890040.0,601288,农业银行
2023-10-12,5.89,5.86,5.96,5.84,5954787,2196869546.0,601288,农业银行
2023-10-13,5.85,5.91,5.94,5.84,5072833,1885921591.0,601288,农业银行
2023-10-16,5.91,5.9,5.92,5.86,3292025,1217621566.0,601288,农业银行
2023-10-17,5.89,5.91,5.92,5.89,2029201,753748250.0,601288,农业银行
2023-10-18,5.9,5.93,5.94,5.89,3137931,1171667945.0,601288,农业银行
2023-10-19,5.92,5.86,5.93,5.85,4718542,1739653364.0,601288,农业银行
2023-10-20,5.84,5.85,5.87,5.81,4207669,1533676955.0,601288,农业银行
2023-10-23,5.83,5.84,5.88,5.82,2919951,1068895096.0,601288,农业银行
2023-10-24,5.85,5.79,5.86,5.77,4029147,1455109268.0,601288,农业银行
2023-10-25,5.81,5.75,5.81,5.73,5401327,1923114228.0,601288,农业银行
2023-10-26,5.74,5.81,5.82,5.73,4237219,1521222799.0,601288,农业银行
2023-10-27,5.82,5.82,5.86,5.79,4198135,1524581310.0,601288,农业银行
2023-10-30,5.82,5.75,5.82,5.72,6038787,2155433075.0,601288,农业银行
2023-10-31,5.74,5.78,5.79,5.73,3210903,1148219512.0,601288,农业银行
2023-11-01,5.78,5.81,5.82,5.76,3092760,1115819962.0,601288,农业银行
2023-11-02,5.82,5.85,5.87,5.81,2971691,1088144162.0,601288,农业银行
2023-11-03,5.85,5.81,5.85,5.8,2936574,1064833946.0,601288,农业银行
2023-11-06,5.81,5.77,5.81,5.75,3742103,1340139726.0,601288,农业银行
2023-11-07,5.76,5.8,5.81,5.75,2615549,937615580.0,601288,农业银行
2023-11-08,5.79,5.79,5.81,5.78,1626711,586120061.0,601288,农业银行
2023-11-09,5.78,5.82,5.83,5.77,2547630,922574412.0,601288,农业银行
2023-11-10,5.82,5.82,5.87,5.81,3074487,1119030976.0,601288,农业银行
2023-11-13,5.82,5.81,5.82,5.77,1951944,704198233.0,601288,农业银行
2023-11-14,5.81,5.82,5.84,5.79,2498938,904981577.0,601288,农业银行
2023-11-15,5.83,5.81,5.84,5.8,2246594,814809703.0,601288,农业银行
2023-11-16,5.81,5.84,5.85,5.79,3115453,1133457576.0,601288,农业银行
2023-11-17,5.83,5.82,5.84,5.81,1927915,700094155.0,601288,农业银行
2023-11-20,5.82,5.84,5.85,5.82,2274335,829937460.0,601288,农业银行
2023-11-21,5.85,5.86,5.87,5.84,2748102,1006632716.0,601288,农业银行
2023-11-22,5.85,5.85,5.87,5.84,1633433,599085744.0,601288,农业银行
2023-11-23,5.85,5.85,5.86,5.84,1755174,642053952.0,601288,农业银行
2023-11-24,5.85,5.85,5.87,5.83,2222330,813881311.0,601288,农业银行
2023-11-27,5.85,5.82,5.85,5.8,3098688,1125865694.0,601288,农业银行
2023-11-28,5.83,5.83,5.84,5.81,1859985,676591033.0,601288,农业银行
2023-11-29,5.83,5.82,5.84,5.81,2153748,782885206.0,601288,农业银行
2023-11-30,5.82,5.85,5.85,5.81,2785039,1014186834.0,601288,农业银行
2023-12-01,5.85,5.84,5.87,5.84,3190756,1168896032.0,601288,农业银行
2023-12-04,5.85,5.83,5.86,5.83,1876127,685266280.0,601288,农业银行
2023-12-05,5.84,5.8,5.84,5.8,2717832,986911647.0,601288,农业银行
2023-12-06,5.8,5.72,5.8,5.72,5169957,1839405663.0,601288,农业银行
2023-12-07,5.72,5.75,5.76,5.7,3530057,1249696218.0,601288,农业银行
2023-12-08,5.75,5.76,5.78,5.73,3156026,1126716717.0,601288,农业银行
2023-12-11,5.76,5.74,5.76,5.69,3964810,1400588956.0,601288,农业银行
2023-12-12,5.74,5.81,5.82,5.73,4118896,1484260798.0,601288,农业银行
2023-12-13,5.81,5.81,5.83,5.79,3069811,1113434723.0,601288,农业银行
2023-12-14,5.82,5.81,5.84,5.8,2160570,783680960.0,601288,农业银行
2023-12-15,5.82,5.77,5.83,5.77,2661980,958747021.0,601288,农业银行
2023-12-18,5.77,5.81,5.83,5.74,3086827,1114228634.0,601288,农业银行
2023-12-19,5.82,5.83,5.83,5.79,2621206,951332797.0,601288,农业银行
2023-12-20,5.83,5.82,5.86,5.82,3037653,1109151396.0,601288,农业银行
2023-12-21,5.82,5.8,5.82,5.79,3221251,1163852063.0,601288,农业银行
2023-12-22,5.81,5.82,5.83,5.8,2851836,1035125815.0,601288,农业银行
2023-12-25,5.82,5.85,5.85,5.82,2092690,763818525.0,601288,农业银行
2023-12-26,5.85,5.86,5.87,5.83,2307494,847127167.0,601288,农业银行
2023-12-27,5.86,5.88,5.89,5.83,3410898,1251600240.0,601288,农业银行
2023-12-28,5.88,5.82,5.9,5.81,5655406,2062528819.0,601288,农业银行
2023-12-29,5.82,5.83,5.85,5.81,3237253,1178848279.0,601288,农业银行
2024-01-02,5.83,5.85,5.87,5.82,3479088,1274151353.0,601288,农业银行
2024-01-03,5.86,5.91,5.91,5.85,4784763,1771869233.0,601288,农业银行
2024-01-04,5.91,5.96,5.97,5.89,3886244,1454184045.0,601288,农业银行
2024-01-05,5.96,5.92,5.97,5.91,4927901,1847519653.0,601288,农业银行
2024-01-08,5.92,5.91,5.93,5.89,3932484,1464032236.0,601288,农业银行
2024-01-09,5.91,5.91,5.92,5.86,3837286,1420139141.0,601288,农业银行
2024-01-10,5.91,5.9,5.92,5.89,2595813,963526510.0,601288,农业银行
2024-01-11,5.9,5.84,5.91,5.83,3754086,1377137183.0,601288,农业银行
2024-01-12,5.83,5.89,5.9,5.83,3295817,1215614529.0,601288,农业银行
2024-01-15,5.89,5.9,5.91,5.88,2236255,829550054.0,601288,农业银行
2024-01-16,5.89,5.93,5.94,5.89,3449265,1287591552.0,601288,农业银行
2024-01-17,5.93,5.89,5.94,5.89,3333686,1242736214.0,601288,农业银行
2024-01-18,5.88,5.88,5.91,5.77,7456929,2714205689.0,601288,农业银行
2024-01-19,5.87,5.87,5.88,5.82,4059314,1487986038.0,601288,农业银行
2024-01-22,5.86,5.87,5.91,5.85,5440687,2010661385.0,601288,农业银行
2024-01-23,5.87,5.87,5.89,5.82,4014668,1471040578.0,601288,农业银行
2024-01-24,5.88,5.94,5.94,5.87,4903047,1823679966.0,601288,农业银行
2024-01-25,5.95,5.99,6.0,5.94,4491322,1701376510.0,601288,农业银行
2024-01-26,5.99,6.05,6.07,5.97,4760959,1826158852.0,601288,农业银行
2024-01-29,6.06,6.1,6.12,6.05,4506840,1758615338.0,601288,农业银行
2024-01-30,6.1,6.07,6.12,6.05,3542951,1380846981.0,601288,农业银行
2024-01-31,6.06,6.08,6.12,6.04,3806679,1480634617.0,601288,农业银行
2024-02-01,6.08,6.08,6.1,6.07,3280503,1278540695.0,601288,农业银行
2024-02-02,6.08,6.13,6.16,6.07,5576294,2194008232.0,601288,农业银行
2024-02-05,6.12,6.21,6.22,6.11,6618513,2639773212.0,601288,农业银行
2024-02-06,6.21,6.28,6.31,6.2,6878237,2801658789.0,601288,农业银行
2024-02-07,6.26,6.21,6.26,6.12,7487103,2990817712.0,601288,农业银行
2024-02-08,6.18,6.15,6.18,6.09,4956839,1954106619.0,601288,农业银行
2024-02-19,6.16,6.27,6.27,6.11,5729908,2296077028.0,601288,农业银行
2024-02-20,6.27,6.34,6.37,6.25,3971186,1636737599.0,601288,农业银行
2024-02-21,6.33,6.37,6.42,6.32,4329100,1814081860.0,601288,农业银行
2024-02-22,6.37,6.39,6.4,6.35,2908761,1218833348.0,601288,农业银行
2024-02-23,6.39,6.45,6.49,6.39,3694256,1579071128.0,601288,农业银行
2024-02-26,6.45,6.33,6.47,6.32,4270768,1791318633.0,601288,农业银行
2024-02-27,6.32,6.35,6.39,6.3,3106965,1290574571.0,601288,农业银行
2024-02-28,6.35,6.35,6.38,6.3,3903361,1619867325.0,601288,农业银行
2024-02-29,6.34,6.38,6.38,6.33,2956967,1234552381.0,601288,农业银行
2024-03-01,6.37,6.43,6.44,6.36,3674741,1550829382.0,601288,农业银行
2024-03-04,6.43,6.43,6.44,6.4,3598371,1523035622.0,601288,农业银行
2024-03-05,6.42,6.53,6.55,6.41,4325302,1862385367.0,601288,农业银行
2024-03-06,6.53,6.45,6.59,6.43,4257837,1839088466.0,601288,农业银行
2024-03-07,6.45,6.47,6.48,6.44,3273287,1397976211.0,601288,农业银行
2024-03-08,6.46,6.46,6.49,6.45,3357414,1436604267.0,601288,农业银行
2024-03-11,6.46,6.43,6.47,6.4,3742059,1584687960.0,601288,农业银行
2024-03-12,6.42,6.33,6.43,6.33,4728141,1974566625.0,601288,农业银行
2024-03-13,6.32,6.31,6.35,6.3,2833143,1170633443.0,601288,农业银行
2024-03-14,6.31,6.35,6.36,6.31,2418454,1004642449.0,601288,农业银行
2024-03-15,6.35,6.35,6.39,6.35,3038043,1268598638.0,601288,农业银行
2024-03-18,6.35,6.32,6.36,6.31,2960730,1223286589.0,601288,农业银行
2024-03-19,6.32,6.28,6.32,6.25,3828060,1563180159.0,601288,农业银行
2024-03-20,6.27,6.32,6.33,6.26,3046037,1251154388.0,601288,农业银行
2024-03-21,6.32,6.33,6.36,6.31,2898267,1200471712.0,601288,农业银行
2024-03-22,6.33,6.37,6.37,6.31,3310882,1374940930.0,601288,农业银行
2024-03-25,6.36,6.4,6.41,6.35,3701609,1552753890.0,601288,农业银行
2024-03-26,6.42,6.42,6.43,6.37,3665463,1544659425.0,601288,农业银行
2024-03-27,6.42,6.47,6.5,6.41,3899336,1667670256.0,601288,农业银行
2024-03-28,6.46,6.36,6.47,6.34,5065249,2118649135.0,601288,农业银行
2024-03-29,6.36,6.42,6.46,6.35,3631581,1539840259.0,601288,农业银行
2024-04-01,6.42,6.42,6.44,6.4,2538393,1073735556.0,601288,农业银行
2024-04-02,6.42,6.46,6.5,6.42,3727012,1593456753.0,601288,农业银行
2024-04-03,6.46,6.48,6.49,6.44,2420209,1035695556.0,601288,农业银行
2024-04-08,6.47,6.53,6.55,6.46,3499292,1514681895.0,601288,农业银行
2024-04-09,6.54,6.47,6.56,6.45,3908224,1681091395.0,601288,农业银行
2024-04-10,6.47,6.48,6.51,6.47,2856389,1229018748.0,601288,农业银行
2024-04-11,6.48,6.46,6.49,6.44,2584905,1104473514.0,601288,农业银行
2024-04-12,6.46,6.47,6.48,6.45,2960299,1265963363.0,601288,农业银行
2024-04-15,6.47,6.56,6.57,6.47,4049082,1754551326.0,601288,农业银行
2024-04-16,6.56,6.62,6.65,6.53,5002801,2202511469.0,601288,农业银行
2024-04-17,6.6,6.65,6.66,6.54,4297922,1894236133.0,601288,农业银行
2024-04-18,6.63,6.68,6.77,6.62,4989038,2251952573.0,601288,农业银行
2024-04-19,6.67,6.73,6.74,6.66,3030854,1369853179.0,601288,农业银行
2024-04-22,6.74,6.69,6.81,6.67,3990693,1814080656.0,601288,农业银行
2024-04-23,6.69,6.69,6.75,6.63,3398348,1532253661.0,601288,农业银行
2024-04-24,6.69,6.68,6.72,6.65,2797186,1257078390.0,601288,农业银行
2024-04-25,6.68,6.74,6.74,6.66,3059281,1378191735.0,601288,农业银行
2024-04-26,6.74,6.64,6.77,6.64,5351659,2407175984.0,601288,农业银行
2024-04-29,6.64,6.6,6.65,6.58,4218752,1866746118.0,601288,农业银行
2024-04-30,6.59,6.59,6.63,6.58,3190006,1408189213.0,601288,农业银行
2024-05-06,6.6,6.54,6.62,6.53,4524352,1975339294.0,601288,农业银行
2024-05-07,6.53,6.57,6.58,6.5,4183247,1816980133.0,601288,农业银行
2024-05-08,6.57,6.62,6.63,6.56,3882372,1715040063.0,601288,农业银行
2024-05-09,6.62,6.57,6.62,6.55,3904115,1710036345.0,601288,农业银行
2024-05-10,6.56,6.56,6.59,6.55,2917495,1276994494.0,601288,农业银行
2024-05-13,6.56,6.57,6.58,6.53,3028944,1322053573.0,601288,农业银行
2024-05-14,6.57,6.53,6.57,6.53,2629609,1144379963.0,601288,农业银行
2024-05-15,6.53,6.53,6.54,6.52,1710066,742463727.0,601288,农业银行
2024-05-16,6.53,6.54,6.56,6.52,2736564,1190682668.0,601288,农业银行
2024-05-17,6.55,6.57,6.57,6.54,2939953,1283184190.0,601288,农业银行
2024-05-20,6.58,6.56,6.62,6.55,3790477,1664232691.0,601288,农业银行
2024-05-21,6.56,6.6,6.61,6.55,3052813,1340701229.0,601288,农业银行
2024-05-22,6.6,6.61,6.63,6.59,2684609,1187388524.0,601288,农业银行
2024-05-23,6.61,6.59,6.62,6.58,2696495,1188901061.0,601288,农业银行
2024-05-24,6.59,6.58,6.62,6.58,2695365,1188633455.0,601288,农业银行
2024-05-27,6.59,6.64,6.65,6.58,3911691,1734130314.0,601288,农业银行
2024-05-28,6.65,6.65,6.67,6.63,2523084,1125359396.0,601288,农业银行
2024-05-29,6.64,6.62,6.67,6.61,3307220,1470812602.0,601288,农业银行
2024-05-30,6.62,6.58,6.65,6.57,3269761,1443792910.0,601288,农业银行
2024-05-31,6.58,6.58,6.6,6.57,2166888,952060306.0,601288,农业银行
2024-06-03,6.58,6.6,6.6,6.55,3201183,1406835706.0,601288,农业银行
2024-06-04,6.6,6.6,6.62,6.59,2457818,1083695807.0,601288,农业银行
2024-06-05,6.6,6.63,6.64,6.58,3310844,1463696854.0,601288,农业银行
2024-06-06,6.62,6.62,6.64,6.61,3998563,1773884923.0,601288,农业银行
2024-06-07,6.66,6.68,6.69,6.64,4989686,2120701228.0,601288,农业银行
2024-06-11,6.68,6.59,6.7,6.58,5328434,2244516491.0,601288,农业银行
2024-06-12,6.59,6.58,6.6,6.5,4103132,1694646287.0,601288,农业银行
2024-06-13,6.58,6.64,6.65,6.57,3678463,1544684257.0,601288,农业银行
2024-06-14,6.63,6.67,6.68,6.63,3630993,1540242334.0,601288,农业银行
2024-06-17,6.66,6.59,6.67,6.57,4235149,1770818525.0,601288,农业银行
2024-06-18,6.59,6.6,6.61,6.52,3085889,1281934522.0,601288,农业银行
2024-06-19,6.6,6.64,6.64,6.59,2954154,1242927756.0,601288,农业银行
2024-06-20,6.64,6.66,6.66,6.63,2530040,1070410798.0,601288,农业银行
2024-06-21,6.66,6.61,6.67,6.61,3407348,1434953739.0,601288,农业银行
2024-06-24,6.61,6.67,6.68,6.6,3685224,1558582521.0,601288,农业银行
2024-06-25,6.67,6.68,6.69,6.65,3312467,1410132256.0,601288,农业银行
2024-06-26,6.68,6.7,6.72,6.67,2915744,1249425442.0,601288,农业银行
2024-06-27,6.7,6.74,6.76,6.7,3900845,1683104558.0,601288,农业银行
2024-06-28,6.75,6.78,6.8,6.72,3727757,1616702196.0,601288,农业银行
2024-07-01,6.78,6.86,6.87,6.77,3474875,1534396362.0,601288,农业银行
2024-07-02,6.86,6.94,6.96,6.85,4098263,1842545831.0,601288,农业银行
2024-07-03,6.95,6.91,6.96,6.87,3463649,1551679212.0,601288,农业银行
2024-07-04,6.9,6.95,6.98,6.9,2945321,1334485167.0,601288,农业银行
2024-07-05,6.95,6.88,6.96,6.86,4203381,1880915698.0,601288,农业银行
2024-07-08,6.87,6.92,6.95,6.86,3195237,1438499666.0,601288,农业银行
2024-07-09,6.91,6.95,6.95,6.86,3752905,1685758194.0,601288,农业银行
2024-07-10,6.94,6.97,6.98,6.93,2749870,1249084923.0,601288,农业银行
2024-07-11,6.96,6.93,6.97,6.9,3003718,1353980394.0,601288,农业银行
2024-07-12,6.93,7.02,7.03,6.92,3755893,1719585430.0,601288,农业银行
2024-07-15,7.02,7.14,7.17,7.02,4053993,1896670201.0,601288,农业银行
2024-07-16,7.15,7.13,7.2,7.08,3582600,1686678884.0,601288,农业银行
2024-07-17,7.13,7.14,7.17,7.09,2773648,1310132550.0,601288,农业银行
2024-07-18,7.15,7.14,7.17,7.09,2947508,1386156802.0,601288,农业银行
2024-07-19,7.13,7.13,7.14,7.05,4087715,1908279410.0,601288,农业银行
2024-07-22,7.11,7.06,7.12,7.01,4571347,2117988721.0,601288,农业银行
2024-07-23,7.05,7.16,7.21,7.04,4889130,2312413380.0,601288,农业银行
2024-07-24,7.15,7.19,7.23,7.12,4472341,2132900636.0,601288,农业银行
2024-07-25,7.19,7.14,7.2,7.08,4249398,2004491743.0,601288,农业银行
2024-07-26,7.13,7.04,7.14,6.98,4877457,2248999047.0,601288,农业银行
2024-07-29,7.03,7.12,7.13,6.98,3878615,1811591471.0,601288,农业银行
2024-07-30,7.12,7.12,7.15,7.08,2906896,1365994122.0,601288,农业银行
2024-07-31,7.13,7.01,7.14,7.0,5154914,2378347371.0,601288,农业银行
2024-08-01,6.99,7.05,7.08,6.93,4323912,1989065571.0,601288,农业银行
2024-08-02,7.04,7.07,7.09,7.01,3203657,1487193108.0,601288,农业银行
2024-08-05,7.07,7.05,7.1,7.01,4117574,1910451916.0,601288,农业银行
2024-08-06,7.05,6.99,7.07,6.96,3567591,1633599566.0,601288,农业银行
2024-08-07,6.99,6.97,7.03,6.96,2572005,1176517365.0,601288,农业银行
2024-08-08,6.98,6.99,7.0,6.96,1932056,882152584.0,601288,农业银行
2024-08-09,6.99,7.03,7.04,6.97,2386186,1097379024.0,601288,农业银行
2024-08-12,7.03,7.06,7.09,7.01,2618556,1214114199.0,601288,农业银行
2024-08-13,7.06,7.08,7.12,7.04,2930701,1366129810.0,601288,农业银行
2024-08-14,7.07,7.08,7.11,7.06,2200469,1026107164.0,601288,农业银行
2024-08-15,7.08,7.1,7.11,7.06,2797482,1306291551.0,601288,农业银行
2024-08-16,7.11,7.18,7.18,7.1,3732286,1766047987.0,601288,农业银行
2024-08-19,7.18,7.31,7.32,7.16,4164774,2012372782.0,601288,农业银行
2024-08-20,7.31,7.34,7.36,7.28,4158270,2039455379.0,601288,农业银行
2024-08-21,7.32,7.29,7.33,7.22,3910823,1899024402.0,601288,农业银行
2024-08-22,7.28,7.33,7.36,7.27,4023360,1974984762.0,601288,农业银行
2024-08-23,7.33,7.34,7.35,7.25,3453712,1687332645.0,601288,农业银行
2024-08-26,7.33,7.34,7.35,7.28,2734024,1340854619.0,601288,农业银行
2024-08-27,7.34,7.4,7.42,7.33,3817026,1895568752.0,601288,农业银行
2024-08-28,7.4,7.36,7.43,7.33,3570930,1769421943.0,601288,农业银行
2024-08-29,7.35,7.13,7.37,7.12,6468570,3091178180.0,601288,农业银行
2024-08-30,7.09,6.94,7.14,6.92,8888084,4067361725.0,601288,农业银行
2024-09-02,6.95,7.11,7.13,6.93,6832835,3176595332.0,601288,农业银行
2024-09-03,7.1,6.9,7.1,6.86,7005030,3161268035.0,601288,农业银行
2024-09-04,6.87,6.94,7.0,6.86,4929748,2220956634.0,601288,农业银行
2024-09-05,6.94,6.92,6.98,6.89,3456481,1559020522.0,601288,农业银行
2024-09-06,6.93,6.93,6.99,6.92,2823347,1282641618.0,601288,农业银行
2024-09-09,6.92,6.94,6.96,6.86,3523876,1586832808.0,601288,农业银行
2024-09-10,6.94,7.02,7.07,6.93,3912875,1794528986.0,601288,农业银行
2024-09-11,7.02,6.88,7.03,6.86,4583072,2060811207.0,601288,农业银行
2024-09-12,6.87,6.9,6.92,6.8,3664332,1629378411.0,601288,农业银行
2024-09-13,6.9,6.86,6.93,6.82,3326106,1479707800.0,601288,农业银行
2024-09-18,6.87,6.92,6.92,6.86,2831118,1267274924.0,601288,农业银行
2024-09-19,6.92,6.92,6.96,6.86,3852502,1723907245.0,601288,农业银行
2024-09-20,6.92,6.96,6.97,6.91,4325989,1957951622.0,601288,农业银行
2024-09-23,6.95,7.04,7.05,6.94,3140680,1440471519.0,601288,农业银行
2024-09-24,7.07,7.22,7.22,7.05,5961476,2812463058.0,601288,农业银行
2024-09-25,7.29,7.26,7.39,7.18,6108475,2972679602.0,601288,农业银行
2024-09-26,7.26,7.31,7.32,7.22,5470695,2655323233.0,601288,农业银行
2024-09-27,7.34,7.12,7.35,7.09,8258820,3903521211.0,601288,农业银行
2024-09-30,7.11,7.22,7.32,6.98,17676902,8293258729.0,601288,农业银行
2024-10-08,7.44,7.18,7.59,7.13,16541298,8075753358.0,601288,农业银行
2024-10-09,7.14,7.09,7.22,7.07,10397871,4895959513.0,601288,农业银行
2024-10-10,7.11,7.24,7.32,7.1,10799283,5189021070.0,601288,农业银行
2024-10-11,7.24,7.25,7.36,7.2,7265855,3538844119.0,601288,农业银行
2024-10-14,7.32,7.45,7.48,7.3,9569348,4771269085.0,601288,农业银行
2024-10-15,7.43,7.34,7.47,7.34,5972497,2973252225.0,601288,农业银行
2024-10-16,7.34,7.44,7.46,7.32,5589522,2797490475.0,601288,农业银行
2024-10-17,7.44,7.4,7.47,7.4,4230908,2120595508.0,601288,农业银行
2024-10-18,7.41,7.38,7.43,7.28,6994598,3451194377.0,601288,农业银行
2024-10-21,7.35,7.26,7.35,7.23,7186844,3482311207.0,601288,农业银行
2024-10-22,7.26,7.28,7.31,7.23,4957198,2399362095.0,601288,农业银行
2024-10-23,7.27,7.27,7.29,7.25,3790488,1837406498.0,601288,农业银行
2024-10-24,7.27,7.29,7.32,7.25,3282841,1597904936.0,601288,农业银行
2024-10-25,7.29,7.24,7.3,7.22,3824151,1846864873.0,601288,农业银行
2024-10-28,7.22,7.18,7.23,7.14,5463791,2594001813.0,601288,农业银行
2024-10-29,7.17,7.21,7.22,7.16,4288484,2047035344.0,601288,农业银行
2024-10-30,7.2,7.13,7.22,7.13,3867746,1831560686.0,601288,农业银行
2024-10-31,7.15,7.15,7.19,7.12,3795837,1794205039.0,601288,农业银行
2024-11-01,7.14,7.2,7.21,7.13,4554258,2169204804.0,601288,农业银行
2024-11-04,7.19,7.2,7.21,7.13,3784116,1795958399.0,601288,农业银行
2024-11-05,7.18,7.22,7.22,7.17,3642399,1741594887.0,601288,农业银行
2024-11-06,7.21,7.19,7.23,7.17,3236393,1545769938.0,601288,农业银行
2024-11-07,7.18,7.22,7.22,7.15,4414665,2105362940.0,601288,农业银行
2024-11-08,7.21,7.18,7.23,7.16,4641519,2214104975.0,601288,农业银行
2024-11-11,7.15,7.11,7.16,7.1,4960116,2333128901.0,601288,农业银行
2024-11-12,7.1,7.07,7.14,7.06,4527653,2115787157.0,601288,农业银行
2024-11-13,7.07,7.08,7.11,7.05,3366149,1569033564.0,601288,农业银行
2024-11-14,7.07,7.11,7.14,7.06,4517016,2121665775.0,601288,农业银行
2024-11-15,7.11,7.12,7.17,7.07,5136856,2421716445.0,601288,农业银行
2024-11-18,7.14,7.22,7.25,7.14,7050668,3377855459.0,601288,农业银行
2024-11-19,7.22,7.17,7.24,7.12,5684595,2708267165.0,601288,农业银行
2024-11-20,7.16,7.19,7.21,7.15,3619546,1725711317.0,601288,农业银行
2024-11-21,7.18,7.19,7.2,7.17,2186033,1041078305.0,601288,农业银行
2024-11-22,7.19,7.12,7.21,7.12,3192658,1513295000.0,601288,农业银行
2024-11-25,7.14,7.15,7.17,7.12,3310716,1567610887.0,601288,农业银行
2024-11-26,7.15,7.23,7.25,7.13,5055429,2416670303.0,601288,农业银行
2024-11-27,7.22,7.25,7.28,7.21,4272566,2060642417.0,601288,农业银行
2024-11-28,7.24,7.27,7.29,7.21,4014823,1945257350.0,601288,农业银行
2024-11-29,7.29,7.23,7.3,7.22,4284122,2073798801.0,601288,农业银行
2024-12-02,7.24,7.24,7.24,7.19,3545077,1701339234.0,601288,农业银行
2024-12-03,7.23,7.31,7.31,7.23,4676731,2271131514.0,601288,农业银行
2024-12-04,7.31,7.33,7.35,7.28,3806478,1865150832.0,601288,农业银行
2024-12-05,7.32,7.34,7.37,7.32,2779118,1367102074.0,601288,农业银行
2024-12-06,7.34,7.37,7.42,7.33,5104518,2532918132.0,601288,农业银行
2024-12-09,7.37,7.43,7.47,7.34,5055622,2528957699.0,601288,农业银行
2024-12-10,7.46,7.47,7.5,7.39,6229466,3126319108.0,601288,农业银行
2024-12-11,7.46,7.39,7.49,7.39,4695043,2350122021.0,601288,农业银行
2024-12-12,7.4,7.45,7.45,7.36,4199125,2098175081.0,601288,农业银行
2024-12-13,7.43,7.42,7.46,7.4,4875660,2442767759.0,601288,农业银行
2024-12-16,7.41,7.53,7.56,7.41,5667161,2881011781.0,601288,农业银行
2024-12-17,7.53,7.52,7.62,7.51,4282424,2200438055.0,601288,农业银行
2024-12-18,7.54,7.52,7.61,7.5,5445083,2789248905.0,601288,农业银行
2024-12-19,7.52,7.46,7.53,7.45,4821700,2441451621.0,601288,农业银行
2024-12-20,7.46,7.46,7.52,7.45,5047986,2551785325.0,601288,农业银行
2024-12-23,7.47,7.61,7.62,7.46,6959877,3585169517.0,601288,农业银行
2024-12-24,7.6,7.67,7.68,7.57,4329041,2256538387.0,601288,农业银行
2024-12-25,7.68,7.73,7.84,7.67,5665600,3014540717.0,601288,农业银行
2024-12-26,7.73,7.72,7.75,7.63,4301401,2265639362.0,601288,农业银行
2024-12-27,7.7,7.73,7.75,7.58,5136807,2697504399.0,601288,农业银行
2024-12-30,7.71,7.79,7.81,7.7,4207177,2249306805.0,601288,农业银行
2024-12-31,7.79,7.76,7.86,7.76,4630191,2495023167.0,601288,农业银行
2025-01-02,7.76,7.62,7.82,7.59,6404374,3368830351.0,601288,农业银行
2025-01-03,7.61,7.57,7.65,7.52,5330976,2745987063.0,601288,农业银行
2025-01-06,7.58,7.61,7.63,7.47,4945206,2545070499.0,601288,农业银行
2025-01-07,7.59,7.68,7.68,7.54,5267162,2733842079.0,601288,农业银行
2025-01-08,7.69,7.71,7.77,7.67,5331964,2763161806.0,601288,农业银行
2025-01-09,7.71,7.67,7.73,7.62,4047900,2081123639.0,601288,农业银行
2025-01-10,7.67,7.63,7.7,7.59,3544960,1811152318.0,601288,农业银行
2025-01-13,7.61,7.56,7.63,7.49,4287159,2153668607.0,601288,农业银行
2025-01-14,7.55,7.58,7.63,7.54,4564823,2306057898.0,601288,农业银行
2025-01-15,7.58,7.6,7.69,7.57,4742621,2420481997.0,601288,农业银行
2025-01-16,7.62,7.63,7.65,7.57,3517483,1787483507.0,601288,农业银行
2025-01-17,7.61,7.58,7.64,7.57,3396982,1721481436.0,601288,农业银行
2025-01-20,7.59,7.54,7.6,7.53,3489047,1752911601.0,601288,农业银行
2025-01-21,7.55,7.54,7.58,7.5,3074394,1541776282.0,601288,农业银行
2025-01-22,7.54,7.46,7.55,7.43,4745271,2347048793.0,601288,农业银行
2025-01-23,7.47,7.59,7.61,7.47,6564899,3305326860.0,601288,农业银行
2025-01-24,7.58,7.57,7.61,7.5,4276489,2152748096.0,601288,农业银行
2025-01-27,7.57,7.69,7.73,7.57,5647886,2902113570.0,601288,农业银行
2025-02-05,7.7,7.58,7.72,7.57,4994576,2537287331.0,601288,农业银行
2025-02-06,7.58,7.57,7.61,7.54,3486912,1755583016.0,601288,农业银行
2025-02-07,7.56,7.55,7.57,7.51,4760287,2383650927.0,601288,农业银行
2025-02-10,7.55,7.55,7.58,7.52,3283177,1649828119.0,601288,农业银行
2025-02-11,7.55,7.64,7.64,7.54,4821723,2450542461.0,601288,农业银行
2025-02-12,7.64,7.67,7.68,7.6,3808088,1947113779.0,601288,农业银行
2025-02-13,7.65,7.69,7.72,7.64,3777676,1951630255.0,601288,农业银行
2025-02-14,7.7,7.74,7.74,7.67,3599213,1862561761.0,601288,农业银行
2025-02-17,7.73,7.77,7.78,7.68,3930422,2045429681.0,601288,农业银行
2025-02-18,7.76,7.82,7.86,7.75,4592010,2430271469.0,601288,农业银行
2025-02-19,7.81,7.78,7.84,7.78,3505725,1848642900.0,601288,农业银行
2025-02-20,7.78,7.8,7.83,7.77,2575061,1357245208.0,601288,农业银行
2025-02-21,7.8,7.71,7.81,7.7,4947170,2578359116.0,601288,农业银行
2025-02-24,7.69,7.67,7.72,7.64,4382259,2255477743.0,601288,农业银行
2025-02-25,7.67,7.64,7.7,7.63,4131692,2117910825.0,601288,农业银行
2025-02-26,7.64,7.65,7.72,7.64,4490482,2309036564.0,601288,农业银行
2025-02-27,7.65,7.69,7.71,7.61,4297280,2204493628.0,601288,农业银行
2025-02-28,7.68,7.66,7.73,7.66,5264314,2719745630.0,601288,农业银行
2025-03-03,7.67,7.64,7.69,7.61,4551973,2324643486.0,601288,农业银行
2025-03-04,7.64,7.61,7.66,7.6,4142612,2109785951.0,601288,农业银行
2025-03-05,7.61,7.69,7.73,7.59,6320383,3250651702.0,601288,农业银行
2025-03-06,7.68,7.64,7.69,7.63,6063525,3101279405.0,601288,农业银行
2025-03-07,7.64,7.63,7.66,7.62,3636987,1856290633.0,601288,农业银行
2025-03-10,7.63,7.59,7.64,7.57,4715746,2388029586.0,601288,农业银行
2025-03-11,7.58,7.62,7.62,7.57,4339331,2197131278.0,601288,农业银行
2025-03-12,7.6,7.58,7.61,7.56,4136447,2085780918.0,601288,农业银行
2025-03-13,7.58,7.61,7.63,7.57,3835347,1948207196.0,601288,农业银行
2025-03-14,7.62,7.62,7.65,7.61,5176360,2639636094.0,601288,农业银行
2025-03-17,7.63,7.66,7.67,7.62,3804464,1948775511.0,601288,农业银行
2025-03-18,7.67,7.65,7.67,7.64,2738083,1403313347.0,601288,农业银行
2025-03-19,7.66,7.7,7.71,7.65,4235753,2185952585.0,601288,农业银行
2025-03-20,7.7,7.67,7.72,7.66,2890630,1487461842.0,601288,农业银行
2025-03-21,7.67,7.62,7.68,7.61,3336367,1704161131.0,601288,农业银行
2025-03-24,7.62,7.67,7.68,7.61,3894008,1997091518.0,601288,农业银行
2025-03-25,7.68,7.7,7.7,7.67,2561610,1321135170.0,601288,农业银行
2025-03-26,7.7,7.68,7.7,7.66,2525386,1301188691.0,601288,农业银行
2025-03-27,7.68,7.68,7.73,7.67,3514142,1815696022.0,601288,农业银行
2025-03-28,7.67,7.63,7.68,7.63,3156482,1613748647.0,601288,农业银行
2025-03-31,7.66,7.71,7.72,7.63,5601123,2891701297.0,601288,农业银行
2025-04-01,7.7,7.66,7.71,7.63,4794328,2458033237.0,601288,农业银行
2025-04-02,7.65,7.7,7.71,7.65,3860854,1989944950.0,601288,农业银行
2025-04-03,7.69,7.75,7.75,7.68,5004422,2597099711.0,601288,农业银行
2025-04-07,7.69,7.56,7.7,7.45,10993627,5559714273.0,601288,农业银行
2025-04-08,7.55,7.64,7.66,7.55,7405591,3761019087.0,601288,农业银行
2025-04-09,7.62,7.61,7.65,7.56,5793546,2938660333.0,601288,农业银行
2025-04-10,7.61,7.61,7.62,7.58,4709641,2389180889.0,601288,农业银行
2025-04-11,7.62,7.66,7.66,7.59,4860435,2477601436.0,601288,农业银行
2025-04-14,7.65,7.71,7.73,7.64,4573364,2366083009.0,601288,农业银行
2025-04-15,7.71,7.83,7.83,7.7,6038486,3178125422.0,601288,农业银行
2025-04-16,7.83,7.9,7.91,7.81,5025548,2677975122.0,601288,农业银行
2025-04-17,7.89,7.9,7.91,7.83,3462211,1850574675.0,601288,农业银行
2025-04-18,7.89,7.95,7.97,7.89,3559333,1924964705.0,601288,农业银行
2025-04-21,7.94,7.9,8.05,7.89,4439584,2411877272.0,601288,农业银行
2025-04-22,7.9,8.03,8.06,7.89,4887731,2678068003.0,601288,农业银行
2025-04-23,8.04,8.01,8.06,7.98,3117570,1711597137.0,601288,农业银行
2025-04-24,8.01,8.12,8.15,8.0,3960389,2204899037.0,601288,农业银行
2025-04-25,8.13,8.08,8.18,8.04,4025215,2238535150.0,601288,农业银行
2025-04-28,8.07,8.14,8.16,8.07,3152023,1765433880.0,601288,农业银行
2025-04-29,8.13,8.12,8.16,8.08,2982690,1666368542.0,601288,农业银行
2025-04-30,8.1,7.95,8.11,7.9,6559433,3556414275.0,601288,农业银行
2025-05-06,7.95,7.91,7.97,7.87,4835624,2598219463.0,601288,农业银行
2025-05-07,7.93,7.99,7.99,7.89,4988742,2706911004.0,601288,农业银行
2025-05-08,7.99,7.97,8.04,7.96,3595512,1961037420.0,601288,农业银行
2025-05-09,7.98,8.04,8.06,7.97,3971027,2183767533.0,601288,农业银行
2025-05-12,8.03,8.05,8.08,7.99,3629025,2000386590.0,601288,农业银行
2025-05-13,8.05,8.16,8.17,8.03,4040774,2259194245.0,601288,农业银行
2025-05-14,8.15,8.17,8.22,8.12,4032810,2276243660.0,601288,农业银行
2025-05-15,8.17,8.19,8.24,8.15,4145149,2347503088.0,601288,农业银行
2025-05-16,8.18,8.12,8.19,8.08,4106811,2293009279.0,601288,农业银行
2025-05-19,8.11,8.09,8.16,8.08,3046830,1701416799.0,601288,农业银行
2025-05-20,8.1,8.1,8.14,8.06,2981515,1659489244.0,601288,农业银行
2025-05-21,8.1,8.11,8.15,8.08,2671127,1492689970.0,601288,农业银行
2025-05-22,8.11,8.14,8.16,8.08,3125163,1747239330.0,601288,农业银行
2025-05-23,8.14,8.07,8.18,8.07,4085398,2279497273.0,601288,农业银行
2025-05-26,8.07,8.03,8.09,8.01,3284047,1811191197.0,601288,农业银行
2025-05-27,8.03,8.06,8.09,8.02,2449883,1355685744.0,601288,农业银行
2025-05-28,8.06,8.05,8.08,8.02,2464859,1360418870.0,601288,农业银行
2025-05-29,8.06,8.04,8.07,8.02,2454397,1351989726.0,601288,农业银行
2025-05-30,8.04,8.06,8.09,8.02,4072226,2251623255.0,601288,农业银行
2025-06-03,8.05,8.1,8.11,8.03,3619987,2008837467.0,601288,农业银行
2025-06-04,8.11,8.1,8.13,8.08,2549106,1421660587.0,601288,农业银行
2025-06-05,8.1,8.1,8.16,8.08,3561174,1987878507.0,601288,农业银行
2025-06-06,8.11,8.14,8.15,8.1,2801106,1567893982.0,601288,农业银行
2025-06-09,8.15,8.12,8.17,8.06,4035431,2249735937.0,601288,农业银行
2025-06-10,8.11,8.15,8.2,8.1,4192233,2359550808.0,601288,农业银行
2025-06-11,8.14,8.15,8.17,8.12,2372395,1331929176.0,601288,农业银行
2025-06-12,8.15,8.16,8.18,8.13,2367507,1332901022.0,601288,农业银行
2025-06-13,8.16,8.13,8.18,8.13,3055189,1716495032.0,601288,农业银行
2025-06-16,8.13,8.16,8.17,8.06,4219989,2356749251.0,601288,农业银行
2025-06-17,8.16,8.17,8.2,8.15,2448687,1382040092.0,601288,农业银行
2025-06-18,8.18,8.26,8.26,8.17,3807240,2169312855.0,601288,农业银行
2025-06-19,8.27,8.27,8.29,8.22,3033384,1737452625.0,601288,农业银行
2025-06-20,8.27,8.3,8.32,8.24,3277999,1887045413.0,601288,农业银行
2025-06-23,8.29,8.42,8.46,8.27,4439807,2590508263.0,601288,农业银行
2025-06-24,8.42,8.49,8.51,8.4,4508231,2672215435.0,601288,农业银行
2025-06-25,8.49,8.55,8.6,8.45,4588501,2756476005.0,601288,农业银行
2025-06-26,8.54,8.61,8.62,8.51,3454064,2086357100.0,601288,农业银行
2025-06-27,8.6,8.41,8.62,8.38,7328838,4355922838.0,601288,农业银行
2025-06-30,8.38,8.41,8.43,8.33,3929370,2304487884.0,601288,农业银行
2025-07-01,8.42,8.49,8.52,8.41,3145475,1873152905.0,601288,农业银行
2025-07-02,8.5,8.51,8.55,8.49,2753797,1649522723.0,601288,农业银行
2025-07-03,8.52,8.48,8.53,8.44,3099118,1845636761.0,601288,农业银行
2025-07-04,8.48,8.56,8.6,8.47,3746804,2254998658.0,601288,农业银行
2025-07-07,8.56,8.61,8.62,8.55,2679207,1623973274.0,601288,农业银行
2025-07-08,8.61,8.65,8.65,8.57,2897309,1763855137.0,601288,农业银行
2025-07-09,8.64,8.73,8.8,8.63,3834118,2376919893.0,601288,农业银行
2025-07-10,8.74,8.84,8.88,8.73,5606005,3529574218.0,601288,农业银行
2025-07-11,8.86,8.85,9.04,8.8,9899617,6343713672.0,601288,农业银行
2025-07-14,8.85,8.91,9.0,8.84,5235676,3356945091.0,601288,农业银行
2025-07-15,8.93,8.86,8.95,8.81,4157868,2637998505.0,601288,农业银行
2025-07-16,8.84,8.82,8.86,8.77,4478620,2810813786.0,601288,农业银行
2025-07-17,8.84,8.79,8.87,8.79,4046382,2490734816.0,601288,农业银行
2025-07-18,8.81,8.88,8.9,8.79,4035515,2504186140.0,601288,农业银行
2025-07-21,8.88,8.85,8.89,8.8,3743600,2316276127.0,601288,农业银行
2025-07-22,8.84,8.76,8.85,8.74,5609283,3429760548.0,601288,农业银行
2025-07-23,8.75,8.91,8.96,8.73,6278221,3903727960.0,601288,农业银行
2025-07-24,8.92,8.86,8.94,8.85,4388960,2732429784.0,601288,农业银行
2025-07-25,8.85,8.84,8.9,8.82,3459340,2144477037.0,601288,农业银行
2025-07-28,8.83,8.85,8.87,8.81,3173345,1964162542.0,601288,农业银行
2025-07-29,8.86,8.8,8.95,8.79,4179315,2585549801.0,601288,农业银行
2025-07-30,8.81,8.89,8.93,8.77,5125785,3187505669.0,601288,农业银行
2025-07-31,8.91,8.96,9.0,8.83,5288060,3310091942.0,601288,农业银行
2025-08-01,8.97,8.99,9.05,8.91,5370252,3404887173.0,601288,农业银行
2025-08-04,9.0,9.05,9.14,8.99,5427493,3479649345.0,601288,农业银行
2025-08-05,9.06,9.2,9.22,9.04,4910673,3189429360.0,601288,农业银行
2025-08-06,9.22,9.28,9.28,9.21,4376045,2883879126.0,601288,农业银行
2025-08-07,9.28,9.37,9.4,9.22,4310129,2881395034.0,601288,农业银行
2025-08-08,9.38,9.37,9.41,9.32,3892603,2607186062.0,601288,农业银行
2025-08-11,9.35,9.4,9.44,9.28,4981600,3343320542.0,601288,农业银行
2025-08-12,9.4,9.51,9.54,9.39,4722225,3231456855.0,601288,农业银行
2025-08-13,9.52,9.46,9.61,9.36,7160593,4885028306.0,601288,农业银行
2025-08-14,9.44,9.58,9.6,9.41,5751287,3960084279.0,601288,农业银行
2025-08-15,9.59,9.51,9.61,9.36,7442142,5072662102.0,601288,农业银行
2025-08-18,9.45,9.59,9.6,9.39,5894781,4043621056.0,601288,农业银行
2025-08-19,9.58,9.68,9.75,9.57,5444345,3828327526.0,601288,农业银行
2025-08-20,9.68,9.74,9.8,9.64,4751578,3358732685.0,601288,农业银行
2025-08-21,9.73,9.89,9.9,9.69,4774009,3422413035.0,601288,农业银行
2025-08-22,9.89,9.96,9.97,9.84,5183612,3755078285.0,601288,农业银行
2025-08-25,9.95,9.92,9.95,9.76,7487955,5368571641.0,601288,农业银行
2025-08-26,9.87,9.94,10.0,9.82,5344200,3891342369.0,601288,农业银行
2025-08-27,9.88,9.77,9.9,9.76,6217963,4442922385.0,601288,农业银行
2025-08-28,9.74,9.68,9.74,9.53,5757326,4017333889.0,601288,农业银行
2025-08-29,9.65,9.68,9.76,9.63,4462473,3137902032.0,601288,农业银行
2025-09-01,9.66,9.71,9.74,9.59,4591220,3226618787.0,601288,农业银行
2025-09-02,9.69,9.85,9.86,9.68,5706189,4073081397.0,601288,农业银行
2025-09-03,9.85,9.81,9.86,9.77,4545334,3253671271.0,601288,农业银行
2025-09-04,9.78,10.18,10.21,9.71,9616310,7022880276.0,601288,农业银行
2025-09-05,10.11,9.96,10.15,9.9,6241182,4589002390.0,601288,农业银行
2025-09-08,9.89,9.92,10.01,9.83,4693950,3417018998.0,601288,农业银行
2025-09-09,9.91,9.97,10.06,9.91,3933285,2882673380.0,601288,农业银行
2025-09-10,9.95,9.95,10.0,9.91,3148149,2298638093.0,601288,农业银行
2025-09-11,9.94,9.94,10.01,9.86,4439815,3220286308.0,601288,农业银行
2025-09-12,9.92,9.9,9.95,9.88,2649759,1919632978.0,601288,农业银行
2025-09-15,9.88,9.82,9.89,9.76,3708938,2654602798.0,601288,农业银行
2025-09-16,9.79,9.7,9.83,9.69,4119995,2916343399.0,601288,农业银行
2025-09-17,9.66,9.62,9.7,9.56,4305701,2996698762.0,601288,农业银行
2025-09-18,9.61,9.43,9.66,9.41,5634473,3850360383.0,601288,农业银行
2025-09-19,9.38,9.31,9.41,9.29,5009347,3343181951.0,601288,农业银行
2025-09-22,9.26,9.15,9.3,9.12,5006737,3269667642.0,601288,农业银行
2025-09-23,9.1,9.31,9.38,9.05,7449079,4930463605.0,601288,农业银行
2025-09-24,9.28,9.23,9.36,9.19,4746227,3133503954.0,601288,农业银行
2025-09-25,9.21,9.27,9.3,9.1,4668060,3042998736.0,601288,农业银行
2025-09-26,9.25,9.28,9.34,9.24,3982714,2641249055.0,601288,农业银行
2025-09-29,9.25,9.28,9.35,9.18,4433828,2925870909.0,601288,农业银行
2025-09-30,9.27,9.33,9.34,9.26,3087460,2051825282.0,601288,农业银行
2025-10-09,9.3,9.36,9.4,9.2,3961757,2630730713.0,601288,农业银行
2025-10-10,9.36,9.49,9.49,9.34,4724812,3200498381.0,601288,农业银行
2025-10-13,9.46,9.57,9.62,9.39,5727817,3922520938.0,601288,农业银行
2025-10-14,9.54,9.79,9.79,9.49,6013888,4224621189.0,601288,农业银行
2025-10-15,9.77,9.93,9.96,9.74,5241690,3779542593.0,601288,农业银行
2025-10-16,9.91,10.15,10.16,9.89,5322543,3929947725.0,601288,农业银行
2025-10-17,10.15,10.28,10.35,10.13,6031331,4575465343.0,601288,农业银行
2025-10-20,10.2,10.41,10.42,10.08,5617048,4294455486.0,601288,农业银行
2025-10-21,10.41,10.54,10.55,10.34,5060674,3946308013.0,601288,农业银行
2025-10-22,10.53,10.75,10.76,10.48,4945185,3949555770.0,601288,农业银行
2025-10-23,10.75,10.65,10.93,10.56,7135200,5749085935.0,601288,农业银行
2025-10-24,10.51,10.65,10.73,10.51,5059120,4045372039.0,601288,农业银行
2025-10-27,10.58,10.84,10.86,10.56,5220102,4217814928.0,601288,农业银行
2025-10-28,10.84,10.97,11.0,10.83,4465375,3691972448.0,601288,农业银行
2025-10-29,10.96,10.81,10.96,10.77,4064518,3328852190.0,601288,农业银行
2025-10-30,10.76,10.72,10.9,10.69,3702255,3005587296.0,601288,农业银行
2025-10-31,10.71,10.62,10.73,10.52,3828627,3035832303.0,601288,农业银行
2025-11-03,10.6,10.67,10.72,10.54,2718393,2175462418.0,601288,农业银行
2025-11-04,10.67,10.81,10.88,10.66,3740842,3046467432.0,601288,农业银行
2025-11-05,10.84,10.84,10.89,10.73,3454364,2820034099.0,601288,农业银行
2025-11-06,10.79,10.82,10.84,10.72,2600820,2111488870.0,601288,农业银行
2025-11-07,10.84,10.74,10.94,10.74,2942053,2397778281.0,601288,农业银行
2025-11-10,10.72,10.78,10.79,10.66,2090006,1688811746.0,601288,农业银行
2025-11-11,10.78,10.96,10.96,10.77,3406532,2803436151.0,601288,农业银行
2025-11-12,10.98,11.25,11.31,10.98,5125862,4368474428.0,601288,农业银行
2025-11-13,11.22,11.22,11.27,11.08,3562219,3034323119.0,601288,农业银行
2025-11-14,11.22,11.16,11.34,11.13,3550896,3049904170.0,601288,农业银行
2025-11-17,11.11,10.98,11.16,10.96,3208316,2682497831.0,601288,农业银行
2025-11-18,10.94,10.85,10.96,10.8,2809295,2305253260.0,601288,农业银行
2025-11-19,10.86,10.88,10.95,10.84,2315272,1906326366.0,601288,农业银行
2025-11-20,10.85,10.82,10.94,10.76,3089171,2532502621.0,601288,农业银行
2025-11-21,10.81,10.71,10.88,10.69,3334463,2699331389.0,601288,农业银行
2025-11-24,10.7,10.68,10.75,10.6,2968344,2379730639.0,601288,农业银行
2025-11-25,10.65,10.73,10.73,10.61,2313084,1856488671.0,601288,农业银行
2025-11-26,10.73,10.6,10.78,10.57,3101549,2475714918.0,601288,农业银行
2025-11-27,10.61,10.76,10.78,10.52,3336589,2678201856.0,601288,农业银行
2025-11-28,10.74,10.7,10.79,10.68,2474271,1995685221.0,601288,农业银行
2025-12-01,10.67,10.65,10.68,10.61,2445763,1950246836.0,601288,农业银行
2025-12-02,10.63,10.68,10.69,10.58,2266719,1808356617.0,601288,农业银行
2025-12-03,10.66,10.64,10.74,10.62,2037618,1632066875.0,601288,农业银行
2025-12-04,10.62,10.56,10.65,10.53,2133685,1687237423.0,601288,农业银行
2025-12-05,10.55,10.48,10.59,10.47,2145085,1682267142.0,601288,农业银行
2025-12-08,10.48,10.5,10.52,10.41,1883382,1474630705.0,601288,农业银行
2025-12-09,10.52,10.7,10.72,10.5,3310450,2642529971.0,601288,农业银行
2025-12-10,10.71,10.48,10.75,10.47,3504271,2769026567.0,601288,农业银行
2025-12-11,10.5,10.59,10.59,10.41,2788611,2172335032.0,601288,农业银行
2025-12-12,10.53,10.38,10.53,10.32,5778804,4448527015.0,601288,农业银行
2025-12-15,10.36,10.27,10.37,10.25,2803392,2109081128.0,601288,农业银行
2025-12-16,10.23,10.15,10.25,10.14,2850118,2108085055.0,601288,农业银行
2025-12-17,10.13,10.23,10.3,10.1,2854501,2127547355.0,601288,农业银行
2025-12-18,10.24,10.38,10.39,10.2,2728488,2057380323.0,601288,农业银行
2025-12-19,10.37,10.33,10.38,10.29,2223587,1680884827.0,601288,农业银行
2025-12-22,10.29,10.37,10.4,10.25,1916063,1448703868.0,601288,农业银行
2025-12-23,10.36,10.44,10.45,10.35,2317024,1768735696.0,601288,农业银行
2025-12-24,10.45,10.42,10.47,10.38,2030499,1552456223.0,601288,农业银行
2025-12-25,10.41,10.36,10.45,10.34,1777376,1351613916.0,601288,农业银行
2025-12-26,10.33,10.29,10.38,10.28,1890867,1424620266.0,601288,农业银行
2025-12-29,10.27,10.42,10.42,10.25,2864530,2169201533.0,601288,农业银行
2025-12-30,10.41,10.39,10.43,10.31,2259163,1715101425.0,601288,农业银行
2025-12-31,10.38,10.46,10.48,10.35,2868951,2191803822.0,601288,农业银行
2026-01-05,10.43,10.35,10.46,10.32,3184016,2413285383.0,601288,农业银行
2026-01-06,10.35,10.34,10.36,10.28,2343854,1765205087.0,601288,农业银行
2026-01-07,10.32,10.27,10.32,10.24,2349234,1760850583.0,601288,农业银行
2026-01-08,10.25,10.22,10.26,10.14,2827238,2095027510.0,601288,农业银行
2026-01-09,10.2,10.19,10.23,10.16,2230874,1652341284.0,601288,农业银行
2026-01-12,10.16,10.3,10.31,10.11,3439981,2558792030.0,601288,农业银行
2026-01-13,10.28,10.39,10.48,10.28,4883196,3716087471.0,601288,农业银行
2026-01-14,10.36,10.26,10.37,10.23,3895492,2918714413.0,601288,农业银行
2026-01-15,10.22,10.11,10.23,10.11,3637995,2684475214.0,601288,农业银行
2026-01-16,10.11,9.99,10.14,9.98,3723238,2702324231.0,601288,农业银行
2026-01-19,9.95,9.88,10.01,9.87,3199902,2285022638.0,601288,农业银行
2026-01-20,9.87,9.95,9.97,9.84,3784822,2699650553.0,601288,农业银行
2026-01-21,9.96,9.74,10.0,9.71,5537616,3892792864.0,601288,农业银行
2026-01-22,9.68,9.59,9.71,9.57,4765066,3259858633.0,601288,农业银行
2026-01-23,9.58,9.53,9.64,9.51,3959741,2688032919.0,601288,农业银行
2026-01-26,9.53,9.62,9.69,9.5,6334305,4339048354.0,601288,农业银行
2026-01-27,9.66,9.67,9.87,9.61,6850792,4776956952.0,601288,农业银行
2026-01-28,9.63,9.58,9.69,9.53,5245906,3578130962.0,601288,农业银行
2026-01-29,9.54,9.56,9.6,9.45,5297441,3568943370.0,601288,农业银行
2026-01-30,9.56,9.5,9.65,9.49,4111691,2791121485.0,601288,农业银行
2026-02-02,9.51,9.56,9.64,9.51,4917243,3341345694.0,601288,农业银行
2026-02-03,9.53,9.44,9.54,9.42,4472284,2980959525.0,601288,农业银行
2026-02-04,9.42,9.45,9.5,9.4,3065589,2041148152.0,601288,农业银行
2026-02-05,9.45,9.48,9.5,9.43,3341275,2235420174.0,601288,农业银行
2026-02-06,9.48,9.45,9.53,9.4,3360799,2238168001.0,601288,农业银行
2026-02-09,9.41,9.49,9.49,9.38,2931675,1954228104.0,601288,农业银行
2026-02-10,9.49,9.51,9.59,9.47,3580411,2419814505.0,601288,农业银行
2026-02-11,9.51,9.57,9.59,9.45,3077491,2079104736.0,601288,农业银行
2026-02-12,9.57,9.39,9.57,9.39,4449161,2965037693.0,601288,农业银行
2026-02-13,9.41,9.29,9.44,9.29,3323514,2175762438.0,601288,农业银行
2026-02-24,9.3,9.26,9.32,9.23,2288123,1483285733.0,601288,农业银行
2026-02-25,9.27,9.29,9.31,9.25,2422514,1576859953.0,601288,农业银行
2026-02-26,9.28,9.2,9.31,9.18,2881046,1855153816.0,601288,农业银行
2026-02-27,9.2,9.18,9.22,9.16,2129743,1366405649.0,601288,农业银行
2026-03-02,9.17,9.26,9.32,9.11,4232983,2732325703.0,601288,农业银行
2026-03-03,9.24,9.51,9.52,9.2,8484194,5632925663.0,601288,农业银行
2026-03-04,9.5,9.46,9.51,9.31,5888190,3907751810.0,601288,农业银行
2026-03-05,9.34,9.52,9.53,9.33,4395428,2939657008.0,601288,农业银行
2026-03-06,9.5,9.48,9.61,9.46,3120481,2100073984.0,601288,农业银行
2026-03-09,9.46,9.44,9.6,9.42,4113419,2761286431.0,601288,农业银行
2026-03-10,9.38,9.36,9.4,9.31,3262394,2140471838.0,601288,农业银行
2026-03-11,9.34,9.41,9.42,9.32,2502133,1652020178.0,601288,农业银行
2026-03-12,9.41,9.42,9.44,9.36,2108553,1398083218.0,601288,农业银行
2026-03-13,9.42,9.4,9.47,9.36,2846114,1888392850.0,601288,农业银行
2026-03-16,9.38,9.43,9.45,9.36,2416263,1603685489.0,601288,农业银行
2026-03-17,9.42,9.54,9.56,9.41,4153763,2800553831.0,601288,农业银行
2026-03-18,9.55,9.52,9.66,9.48,5361041,3638892853.0,601288,农业银行
2026-03-19,9.5,9.61,9.62,9.49,4846444,3295502157.0,601288,农业银行
2026-03-20,9.58,9.54,9.64,9.52,3689291,2508418997.0,601288,农业银行
2026-03-23,9.52,9.25,9.53,9.2,5487576,3588634920.0,601288,农业银行
2026-03-24,9.25,9.28,9.33,9.21,2735593,1776855758.0,601288,农业银行
2026-03-25,9.28,9.33,9.33,9.18,3381620,2188567793.0,601288,农业银行
2026-03-26,9.31,9.29,9.37,9.29,2248269,1471353417.0,601288,农业银行
2026-03-27,9.27,9.26,9.29,9.23,2061819,1334542068.0,601288,农业银行
2026-03-30,9.23,9.27,9.29,9.2,1975473,1278889401.0,601288,农业银行
2026-03-31,9.29,9.48,9.53,9.29,5836425,3892547281.0,601288,农业银行
2026-04-01,9.47,9.47,9.56,9.44,3316883,2229362172.0,601288,农业银行
2026-04-02,9.5,9.7,9.71,9.48,5626313,3860679040.0,601288,农业银行
2026-04-03,9.71,9.62,9.71,9.56,3653287,2501643079.0,601288,农业银行
2026-04-07,9.61,9.47,9.63,9.44,3041105,2042829658.0,601288,农业银行
2026-04-08,9.4,9.41,9.43,9.31,3708810,2445448635.0,601288,农业银行
2026-04-09,9.41,9.38,9.45,9.34,2479779,1637799054.0,601288,农业银行
2026-04-10,9.35,9.37,9.37,9.31,2207811,1450572704.0,601288,农业银行
2026-04-13,9.38,9.42,9.45,9.33,2830752,1870617283.0,601288,农业银行
2026-04-14,9.38,9.54,9.57,9.38,3627734,2430773411.0,601288,农业银行
2026-04-15,9.52,9.73,9.75,9.51,5292553,3648620069.0,601288,农业银行
2026-04-16,9.71,9.78,9.88,9.69,4436728,3110504665.0,601288,农业银行
2026-04-17,9.78,9.84,9.9,9.76,3558279,2513830980.0,601288,农业银行
2026-04-20,9.83,9.97,10.0,9.82,3201580,2294202330.0,601288,农业银行
2026-04-21,9.98,9.96,10.07,9.93,2544181,1834542752.0,601288,农业银行
2026-04-22,9.96,9.85,9.96,9.8,2737146,1938678933.0,601288,农业银行
2026-04-23,9.85,9.81,9.89,9.8,2496937,1763185641.0,601288,农业银行
2026-04-24,9.81,9.82,9.84,9.76,1961004,1378477974.0,601288,农业银行
2026-04-27,9.8,9.7,9.85,9.68,2422166,1685094012.0,601288,农业银行
2026-04-28,9.68,9.76,9.77,9.65,2609719,1809204828.0,601288,农业银行
2026-04-29,9.75,9.72,9.78,9.63,3185612,2204141882.0,601288,农业银行
2026-04-30,9.7,9.7,9.78,9.64,3607438,2499022220.0,601288,农业银行
2026-05-06,9.69,9.64,9.69,9.56,3758374,2563241043.0,601288,农业银行
2026-05-07,9.61,9.65,9.7,9.61,2389302,1644516838.0,601288,农业银行
2026-05-08,9.67,9.68,9.78,9.62,2769481,1910985188.0,601288,农业银行
2026-05-11,9.64,9.59,9.65,9.53,4180171,2842056599.0,601288,农业银行
2026-05-12,9.58,9.56,9.63,9.55,2797462,1904248387.0,601288,农业银行
2026-05-13,9.58,9.57,9.62,9.56,2754087,1837928244.0,601288,农业银行
2026-05-14,9.56,9.67,9.74,9.53,4618310,3121914570.0,601288,农业银行
2026-05-15,9.65,9.58,9.69,9.56,3828529,2561706545.0,601288,农业银行
2026-05-18,9.56,9.51,9.59,9.49,3083048,2042926041.0,601288,农业银行
2026-05-19,9.52,9.53,9.6,9.52,2476133,1645602688.0,601288,农业银行
2026-05-20,9.54,9.37,9.54,9.37,3634786,2371191161.0,601288,农业银行
2026-05-21,9.36,9.42,9.46,9.28,3212460,2082903651.0,601288,农业银行
2026-05-22,9.39,9.37,9.43,9.33,2483192,1605902673.0,601288,农业银行
