ticker,month,monthly_ret,cpi_yoy,m2_yoy
000568,2008-01,-0.1333333333333333,7.0781,18.88
000568,2008-02,0.1295133437990581,8.7443,17.39
000568,2008-03,-0.13829047949965256,8.3097,16.19
000568,2008-04,-0.01774193548387104,8.4829,16.94
000568,2008-05,-0.3844006568144499,7.7163,18.07
000568,2008-06,-0.19738596959189125,7.0844,17.37
000568,2008-07,0.11432369557992694,6.302,16.35
000568,2008-08,-0.14106770056665674,4.9001,16.0
000568,2008-09,-0.09722222222222221,4.6425,15.29
000568,2008-10,-0.25769230769230766,3.9744,15.02
000568,2008-11,0.023316062176165664,2.434,14.8
000568,2008-12,-0.07848101265822793,1.1999,17.82
000568,2009-01,0.026373626373626502,0.95,18.79
000568,2009-02,0.024089935760171377,-1.5582,20.48
000568,2009-03,0.12284370099320441,-1.1714,25.51
000568,2009-04,0.025139664804469275,-1.5,25.95
000568,2009-05,-0.005903723887375034,-1.3713,25.74
000568,2009-06,0.3111009593421652,-1.7,28.46
000568,2009-07,0.11324041811846697,-1.8057,28.42
000568,2009-08,-0.1693270735524257,-1.2043,28.53
000568,2009-09,0.10776186887716643,-0.7883,29.31
000568,2009-10,-0.03469387755102038,-0.53,29.42
000568,2009-11,0.38583509513742076,0.56,29.74
000568,2009-12,-0.007373506229341409,1.8559,27.68
000568,2010-01,-0.10373975409836056,1.53,25.98
000568,2010-02,-0.056016004572735034,2.6953,25.52
000568,2010-03,-0.03088101725703918,2.3707,22.5
000568,2010-04,-0.036238675413933,2.8136,21.48
000568,2010-05,-0.055429497568881714,3.0613,21.0
000568,2010-06,-0.03157172271791353,2.9499,18.5
000568,2010-07,0.15910701630049617,3.3042,17.6
000568,2010-08,0.104860898807704,3.4794,19.2
000568,2010-09,0.004150525733259469,3.6056,19.0
000568,2010-10,0.12785891430146057,4.3655,19.3
000568,2010-11,0.10236989982897615,5.1192,19.5
000568,2010-12,-0.09352836879432624,4.5859,19.7
000568,2011-01,0.008557457212714059,4.9121,17.2
000568,2011-02,0.03903030303030297,4.9443,15.7
000568,2011-03,0.04059729351376573,5.383,16.6
000568,2011-04,0.02130044843049328,5.3442,15.3
000568,2011-05,-0.00965971459934134,5.5146,15.1
000568,2011-06,0.00022168033695413314,6.3553,15.9
000568,2011-07,0.06427304964539027,6.4508,14.7
000568,2011-08,-0.03394418992086634,6.1514,13.5
000568,2011-09,-0.16145721060573404,6.0671,13.04
000568,2011-10,0.06683804627249357,5.4954,12.9
000568,2011-11,0.003855421686746796,4.2246,12.7
000568,2011-12,-0.10465674507921263,4.0704,13.6
000568,2012-01,-0.005093833780160817,4.5485,12.4
000568,2012-02,0.09646995419024518,3.1613,13.0
000568,2012-03,-0.03932170066355356,3.5856,13.4
000568,2012-04,0.11870043489383453,3.3653,12.8
000568,2012-05,-0.09558655385319004,3.0008,13.2
000568,2012-06,0.06978508217446278,2.1504,13.6
000568,2012-07,-0.0593240368707163,1.8,13.9
000568,2012-08,-0.10125628140703502,2.0,13.5
000568,2012-09,0.0763209393346378,1.9,14.8
000568,2012-10,0.01376623376623387,1.7,14.1
000568,2012-11,-0.1419420958237253,2.0,13.9
000568,2012-12,0.05703194983577187,2.5,13.8
000568,2013-01,-0.13389830508474576,2.0,15.9
000568,2013-02,0.03555120678408352,3.2,15.2
000568,2013-03,-0.19685039370078738,2.1,15.7
000568,2013-04,-0.04196078431372552,2.4,16.1
000568,2013-05,0.08309455587392556,2.0981,15.8
000568,2013-06,-0.1012849584278156,2.7,14.0
000568,2013-07,-0.11143818334735078,2.7,14.5
000568,2013-08,0.06956933270231902,2.6,14.7
000568,2013-09,-0.0663716814159292,3.1,14.2
000568,2013-10,-0.050236966824644624,3.2,14.3
000568,2013-11,0.034930139720558806,3.0,14.2
000568,2013-12,-0.028929604628736616,2.49871692,13.6
000568,2014-01,-0.18718967229394234,2.5,13.2
000568,2014-02,0.026878436163713992,2.0,13.3
000568,2014-03,0.01903628792385481,2.4,12.1
000568,2014-04,-0.03794512551079965,1.80138144,13.2
000568,2014-05,-0.040048543689320426,2.5,13.4
000568,2014-06,0.03539823008849541,2.3,14.7
000568,2014-07,0.1776556776556777,2.3,13.5
000568,2014-08,-0.07205806117159153,2.0,12.8
000568,2014-09,-0.0061452513966480105,1.6,12.9
000568,2014-10,-0.05340078695896566,1.60114868,12.6
000568,2014-11,0.06353919239904982,1.4,12.3
000568,2014-12,0.1390284757118927,1.5,12.2
000568,2015-01,-0.06274509803921557,0.8,10.8
000568,2015-02,0.06485355648535562,1.4,12.5
000568,2015-03,0.2053045186640472,1.4,11.6
000568,2015-04,0.04726976365118185,1.5,10.1
000568,2015-05,-0.01906614785992211,1.2,10.8
000568,2015-06,0.29353431178103917,1.4,11.8
000568,2015-07,-0.23888377798221405,1.6,13.3
000568,2015-08,-0.1204673650282031,2.0,13.3
000568,2015-09,-0.059092991296381125,1.59560463,13.1
000568,2015-10,0.17721518987341778,1.3,13.5
000568,2015-11,-0.04052936311000832,1.5,13.7
000568,2015-12,0.16896551724137931,1.6,13.3
000568,2016-01,-0.21644542772861364,1.8,14.0
000568,2016-02,-0.06729411764705884,2.3,13.3
000568,2016-03,0.24369323915237118,2.3,13.4
000568,2016-04,-0.04665314401622711,2.3,12.8
000568,2016-05,0.0442553191489361,2.0,11.8
000568,2016-06,0.2102689486552567,1.9,11.8
000568,2016-07,0.09393939393939399,1.8,10.2
000568,2016-08,-0.019082794706063444,1.3,11.4
000568,2016-09,-0.024788202070913146,1.9,11.5
000568,2016-10,0.1068211068211069,2.1,11.6
000568,2016-11,-0.0031976744186046346,2.3,11.4
000568,2016-12,-0.03762029746281714,2.1,11.3
000568,2017-01,0.020909090909090766,2.5,10.7032
000568,2017-02,0.1098248738498071,0.8,10.45
000568,2017-03,0.1283765712757421,0.9,10.1178
000568,2017-04,0.10215690922019438,1.2,9.8426
000568,2017-05,0.036989247311827844,1.5,9.1289
000568,2017-06,0.048942347573620815,1.5,9.1013
000568,2017-07,0.09470146302886517,1.4,8.89
000568,2017-08,-0.0016254289326349536,1.8,8.5633
000568,2017-09,0.014833574529667048,1.6,8.976
000568,2017-10,0.08520499108734403,1.9,8.8771
000568,2017-11,-0.026281208935611033,1.7,9.1148
000568,2017-12,0.11336032388663964,1.8,8.0654
000568,2018-01,-0.010454545454545383,1.5,8.6
000568,2018-02,-0.1056499770326138,2.9,8.8
000568,2018-03,-0.028419791131655492,2.1,8.2
000568,2018-04,0.061321585903083564,1.8,8.3
000568,2018-05,0.14726880292213185,1.8,8.3
000568,2018-06,-0.1192474674384949,1.9,8.0
000568,2018-07,-0.09743674005915215,2.1,8.5
000568,2018-08,-0.21554705989441103,2.3,8.2
000568,2018-09,0.10257600371315845,2.5,8.3
000568,2018-10,-0.19890549358029885,2.5,8.0
000568,2018-11,0.07724645296899624,2.2,8.0
000568,2018-12,-0.008292682926829387,1.9,8.1
000568,2019-01,0.04943433349729487,1.7,8.4
000568,2019-02,0.20084368408718078,1.5,8.0
000568,2019-03,0.29937548790007806,2.3,8.6
000568,2019-04,0.1697206368278763,2.5,8.5
000568,2019-05,-0.0930919363122753,2.7,8.5
000568,2019-06,0.14441455472178966,2.7,8.5
000568,2019-07,-0.0023506123963874526,2.8,8.1
000568,2019-08,0.20138888888888884,2.8,8.2
000568,2019-09,-0.12035507844756399,3.0,8.4
000568,2019-10,0.023233982633184658,3.8,8.4
000568,2019-11,-0.0625,4.5,8.2
000568,2019-12,0.06030581039755356,4.5,8.7
000568,2020-01,-0.04649284725426861,5.4,8.4
000568,2020-02,-0.09497882637628563,5.2,8.8
000568,2020-03,-0.015374331550802034,4.3,10.1
000568,2020-04,0.07494908350305485,3.3,11.1
000568,2020-05,0.07742831880762902,2.4,11.1
000568,2020-06,0.06822977725674106,2.5,11.1
000568,2020-07,0.294776119402985,2.7,10.7
000568,2020-08,0.2671639260891676,2.4,10.4
000568,2020-09,-0.03979933110367884,1.7,10.9
000568,2020-10,0.20167189132706365,0.5,10.5
000568,2020-11,0.06278260869565222,-0.5,10.7
000568,2020-12,0.23362242949871814,0.2,10.1
000568,2021-01,0.13945879023700036,-0.3,9.4
000568,2021-02,-0.08727202173069448,-0.2,10.1
000568,2021-03,-0.04332298796819867,0.4,9.4
000568,2021-04,0.13581015020887022,0.9,8.1
000568,2021-05,0.07578840284842303,1.3,8.3
000568,2021-06,-0.14188034188034182,1.1,8.6
000568,2021-07,-0.2748156310926507,1.0,8.3
000568,2021-08,-0.006428988895382792,0.8,8.2
000568,2021-09,0.3034117647058825,0.7,8.3
000568,2021-10,0.033261124650239005,1.5,8.7
000568,2021-11,0.004804542476523288,2.3,8.5
000568,2021-12,0.10354270810693333,1.5,9.0
000568,2022-01,-0.14794973805490996,0.9,9.8
000568,2022-02,0.0013406684850445494,0.9,9.2
000568,2022-03,-0.14182825484764539,1.5,9.7
000568,2022-04,0.13368840111900138,2.1,10.5
000568,2022-05,0.019313813885066367,2.1,11.1
000568,2022-06,0.14776536312849142,2.5,11.4
000568,2022-07,-0.09872637300235254,2.7,12.0
000568,2022-08,0.054005400540054094,2.5,12.2
000568,2022-09,-0.015115286080273238,2.8,12.1
000568,2022-10,-0.3221624902453828,2.1,11.8
000568,2022-11,0.18970259034218095,1.6,12.4
000568,2022-12,0.20574162679425845,1.8,11.8
000568,2023-01,0.05671482075976453,2.1,12.6
000568,2023-02,0.05485232067510548,1.0,12.9
000568,2023-03,0.019160000000000066,0.7,12.7
000568,2023-04,-0.11205306330703713,0.1,12.4
000568,2023-05,-0.0981700848656295,0.2,11.6
000568,2023-06,0.027152869676027924,0.0,11.3
000568,2023-07,0.15049864007252967,-0.3,10.7
000568,2023-08,-0.036539338890962614,0.1,10.6
000568,2023-09,-0.06736978045630648,0.0,10.3
000568,2023-10,-0.00941610893145628,-0.2,10.3
000568,2023-11,-0.03312986347327718,-0.5,10.0
000568,2023-12,-0.13532530120481934,-0.3,9.7
000568,2024-01,-0.1818080481551665,-0.8,8.7
000568,2024-02,0.19720708446866486,0.7,8.7
000568,2024-03,0.05029871977240408,0.1,8.3
000568,2024-04,0.008180291456741928,0.3,7.2
000568,2024-05,-0.06045137023105862,0.3,7.0
000568,2024-06,-0.17935373177008862,0.2,6.2
000568,2024-07,-0.08941389643877629,0.5,6.3
000568,2024-08,-0.08709628042247053,0.6,6.3
000568,2024-09,0.255030181086519,0.4,6.8
000568,2024-10,-0.09478957915831665,0.3,7.5
000568,2024-11,0.023762083979042226,0.2,7.1
000568,2024-12,-0.09752757154184377,0.1,7.3
000568,2025-01,-0.07707667731629397,0.5,7.0
000568,2025-02,0.09441800086542629,-0.7,7.0
000568,2025-03,0.02577890241973746,-0.1,7.0
000568,2025-04,-0.046099290780141855,-0.1,8.0
000568,2025-05,-0.05511556489413283,-0.1,7.9
000568,2025-06,-0.030106055422511102,0.1,8.3
000568,2025-07,0.08377425044091713,0.0,8.8
000568,2025-08,0.11627339300244088,-0.4,8.8
000568,2025-09,-0.0384138785625775,-0.3,8.4
000568,2025-10,0.019860521528198838,0.2,8.2
000568,2025-11,0.00995986323769893,0.7,8.0
000568,2025-12,-0.14468648807771556,0.8,8.5
000568,2026-01,0.04026845637583909,0.2,9.0
000568,2026-02,-0.08602150537634412,1.3,9.0
000568,2026-03,-0.05266968325791854,1.0,8.5
000568,2026-04,-0.043752388230798744,1.2,8.6
000988,2008-01,-0.022644265887509007,7.0781,18.88
000988,2008-02,0.15171898355754854,8.7443,17.39
000988,2008-03,-0.25697598961713175,8.3097,16.19
000988,2008-04,-0.09606986899563319,8.4829,16.94
000988,2008-05,0.06280193236714982,7.7163,18.07
000988,2008-06,-0.3018181818181819,7.0844,17.37
000988,2008-07,0.04947916666666674,6.302,16.35
000988,2008-08,-0.23200992555831268,4.9001,16.0
000988,2008-09,-0.04684975767366717,4.6425,15.29
000988,2008-10,-0.2271186440677967,3.9744,15.02
000988,2008-11,0.13157894736842124,2.434,14.8
000988,2008-12,0.08333333333333326,1.1999,17.82
000988,2009-01,0.184257602862254,0.95,18.79
000988,2009-02,-0.0558912386706949,-1.5582,20.48
000988,2009-03,0.22079999999999989,-1.1714,25.51
000988,2009-04,0.31979030144167764,-1.5,25.95
000988,2009-05,-0.009930486593843102,-1.3713,25.74
000988,2009-06,0.17452357071213642,-1.7,28.46
000988,2009-07,0.04782237403928247,-1.8057,28.42
000988,2009-08,-0.1727791361043194,-1.2043,28.53
000988,2009-09,-0.03448275862068961,-0.7883,29.31
000988,2009-10,0.0714285714285714,-0.53,29.42
000988,2009-11,0.030476190476190546,0.56,29.74
000988,2009-12,0.3687615526802219,1.8559,27.68
000988,2010-01,0.03106009453072245,1.53,25.98
000988,2010-02,0.07007203667321549,2.6953,25.52
000988,2010-03,0.06119951040391669,2.3707,22.5
000988,2010-04,0.1707035755478663,2.8136,21.48
000988,2010-05,-0.11428571428571432,3.0613,21.0
000988,2010-06,-0.2230255839822024,2.9499,18.5
000988,2010-07,0.15676449534717252,3.3042,17.6
000988,2010-08,0.021039603960395947,3.4794,19.2
000988,2010-09,0.00242424242424244,3.6056,19.0
000988,2010-10,0.16686819830713429,4.3655,19.3
000988,2010-11,-0.06735751295336789,5.1192,19.5
000988,2010-12,0.06888888888888878,4.5859,19.7
000988,2011-01,0.021309771309771408,4.9121,17.2
000988,2011-02,0.19185750636132326,4.9443,15.7
000988,2011-03,-0.12510674637062358,5.383,16.6
000988,2011-04,-0.04343582235236687,5.3442,15.3
000988,2011-05,-0.062244897959183754,5.5146,15.1
000988,2011-06,0.01305767138193703,6.3553,15.9
000988,2011-07,-0.02846401718582181,6.4508,14.7
000988,2011-08,-0.024322830292979658,6.1514,13.5
000988,2011-09,-0.17450424929178465,6.0671,13.04
000988,2011-10,-0.006863417982155062,5.4954,12.9
000988,2011-11,0.022805805114028965,4.2246,12.7
000988,2011-12,-0.13108108108108119,4.0704,13.6
000988,2012-01,0.06220839813374801,4.5485,12.4
000988,2012-02,0.14055636896046853,3.1613,13.0
000988,2012-03,0.023748395378690557,3.5856,13.4
000988,2012-04,0.04639498432601896,3.3653,12.8
000988,2012-05,-0.0215698022768126,3.0008,13.2
000988,2012-06,-0.15676668707899566,2.1504,13.6
000988,2012-07,-0.5780682643427741,1.8,13.9
000988,2012-08,0.05679862306368322,2.0,13.5
000988,2012-09,-0.04560260586319209,1.9,14.8
000988,2012-10,-0.04948805460750849,1.7,14.1
000988,2012-11,-0.17594254937163378,2.0,13.9
000988,2012-12,0.20697167755991286,2.5,13.8
000988,2013-01,0.2815884476534296,2.0,15.9
000988,2013-02,0.12253521126760569,3.2,15.2
000988,2013-03,-0.17942283563362604,2.1,15.7
000988,2013-04,-0.07951070336391441,2.4,16.1
000988,2013-05,0.23089700996677753,2.0981,15.8
000988,2013-06,-0.22537112010796223,2.7,14.0
000988,2013-07,0.06968641114982566,2.7,14.5
000988,2013-08,0.01140065146579805,2.6,14.7
000988,2013-09,0.0370370370370372,3.1,14.2
000988,2013-10,-0.04813664596273304,3.2,14.3
000988,2013-11,0.11419249592169667,3.0,14.2
000988,2013-12,0.008784773060029227,2.49871692,13.6
000988,2014-01,0.0,2.5,13.2
000988,2014-02,0.2554426705370103,2.0,13.3
000988,2014-03,-0.003468208092485714,2.4,12.1
000988,2014-04,-0.051044083526682105,1.80138144,13.2
000988,2014-05,0.04034229828850866,2.5,13.4
000988,2014-06,0.10340775558166881,2.3,14.7
000988,2014-07,-0.028753993610223794,2.3,13.5
000988,2014-08,0.08223684210526327,2.0,12.8
000988,2014-09,0.12259371833839938,1.6,12.9
000988,2014-10,0.10469314079422376,1.60114868,12.6
000988,2014-11,0.10784313725490202,1.4,12.3
000988,2014-12,-0.11946902654867264,1.5,12.2
000988,2015-01,0.02680067001675046,0.8,10.8
000988,2015-02,0.06443719412724325,1.4,12.5
000988,2015-03,0.2260536398467432,1.4,11.6
000988,2015-04,-0.0012499999999999734,1.5,10.1
000988,2015-05,0.3504380475594491,1.2,10.8
000988,2015-06,-0.17469879518072284,1.4,11.8
000988,2015-07,-0.1588994946659179,1.6,13.3
000988,2015-08,-0.11882510013351144,2.0,13.3
000988,2015-09,-0.16893939393939383,1.59560463,13.1
000988,2015-10,0.6171376481312669,1.3,13.5
000988,2015-11,-0.08962795941375423,1.5,13.7
000988,2015-12,0.31145510835913326,1.6,13.3
000988,2016-01,-0.374409820585458,1.8,14.0
000988,2016-02,0.14113207547169804,2.3,13.3
000988,2016-03,0.26190476190476186,2.3,13.4
000988,2016-04,-0.09905660377358472,2.3,12.8
000988,2016-05,0.08667830133798704,2.0,11.8
000988,2016-06,0.07334047109207709,1.9,11.8
000988,2016-07,-0.07431421446384046,1.8,10.2
000988,2016-08,-0.00969827586206895,1.3,11.4
000988,2016-09,-0.06420021762785633,1.9,11.5
000988,2016-10,-0.011046511627906819,2.1,11.6
000988,2016-11,-0.01763668430335097,2.3,11.4
000988,2016-12,-0.06343506882106531,2.1,11.3
000988,2017-01,-0.03897763578274771,2.5,10.7032
000988,2017-02,0.030585106382978733,0.8,10.45
000988,2017-03,-0.039999999999999925,0.9,10.1178
000988,2017-04,-0.02620967741935487,1.2,9.8426
000988,2017-05,-0.06832298136645965,1.5,9.1289
000988,2017-06,0.08074074074074078,1.5,9.1013
000988,2017-07,0.04112405757368065,1.4,8.89
000988,2017-08,0.047399605003291656,1.8,8.5633
000988,2017-09,0.0609679446888749,1.6,8.976
000988,2017-10,0.06635071090047395,1.9,8.8771
000988,2017-11,-0.06388888888888877,1.7,9.1148
000988,2017-12,-0.016023738872403714,1.8,8.0654
000988,2018-01,-0.08866103739445108,1.5,8.6
000988,2018-02,0.011912640635340921,2.9,8.8
000988,2018-03,0.011118378024852937,2.1,8.2
000988,2018-04,0.06921086675291077,1.8,8.3
000988,2018-05,-0.00483968542044777,1.8,8.3
000988,2018-06,-0.12158054711246202,1.9,8.0
000988,2018-07,0.0117647058823529,2.1,8.5
000988,2018-08,-0.06224350205198348,2.3,8.2
000988,2018-09,0.07221006564551402,2.5,8.3
000988,2018-10,-0.2673469387755102,2.5,8.0
000988,2018-11,0.10399257195914591,2.2,8.0
000988,2018-12,0.00420521446593769,1.9,8.1
000988,2019-01,-0.018425460636515845,1.7,8.4
000988,2019-02,0.25426621160409546,1.5,8.0
000988,2019-03,0.05034013605442178,2.3,8.6
000988,2019-04,-0.036917098445595875,2.5,8.5
000988,2019-05,-0.01748486886348355,2.7,8.5
000988,2019-06,0.08281998631074616,2.7,8.5
000988,2019-07,0.04930467762326174,2.8,8.1
000988,2019-08,0.049397590361445864,2.8,8.2
000988,2019-09,0.08955223880596996,3.0,8.4
000988,2019-10,0.05163329820864071,3.8,8.4
000988,2019-11,-0.09068136272545102,4.5,8.2
000988,2019-12,0.11790633608815426,4.5,8.7
000988,2020-01,0.09019221291276502,5.4,8.4
000988,2020-02,-0.04475587703435813,5.2,8.8
000988,2020-03,-0.06578324656885948,4.3,10.1
000988,2020-04,0.058763931104356626,3.3,11.1
000988,2020-05,-0.07033492822966503,2.4,11.1
000988,2020-06,0.25733401955738544,2.5,11.1
000988,2020-07,-0.04297994269340977,2.7,10.7
000988,2020-08,0.04148845166809245,2.4,10.4
000988,2020-09,-0.06283367556468178,1.7,10.9
000988,2020-10,0.02015775635407535,0.5,10.5
000988,2020-11,0.05927835051546393,-0.5,10.7
000988,2020-12,-0.05961070559610704,0.2,10.1
000988,2021-01,-0.01724881414402768,-0.3,9.4
000988,2021-02,-0.06757349714787186,-0.2,10.1
000988,2021-03,-0.022117647058823464,0.4,9.4
000988,2021-04,-0.028873917228104062,0.9,8.1
000988,2021-05,0.04658077304261643,1.3,8.3
000988,2021-06,0.11363636363636354,1.1,8.6
000988,2021-07,0.19260204081632648,1.0,8.3
000988,2021-08,-0.039572192513368964,0.8,8.2
000988,2021-09,0.08426132145508536,0.7,8.3
000988,2021-10,-0.01403628894214315,1.5,8.7
000988,2021-11,0.04166666666666674,2.3,8.5
000988,2021-12,-0.07133333333333336,1.5,9.0
000988,2022-01,-0.12239770279971285,0.9,9.8
000988,2022-02,0.004089979550102374,0.9,9.2
000988,2022-03,-0.17841140529531563,1.5,9.7
000988,2022-04,-0.1655924640555282,2.1,10.5
000988,2022-05,0.21509209744503877,2.1,11.1
000988,2022-06,0.1330073349633254,2.5,11.4
000988,2022-07,-0.04747518342684509,2.7,12.0
000988,2022-08,-0.04123244222927047,2.5,12.2
000988,2022-09,-0.1266540642722117,2.8,12.1
000988,2022-10,-0.09253246753246758,2.1,11.8
000988,2022-11,0.035778175313059046,1.6,12.4
000988,2022-12,-0.05526770293609673,1.8,11.8
000988,2023-01,0.14320536258379035,2.1,12.6
000988,2023-02,0.061833688699360234,1.0,12.9
000988,2023-03,0.2756024096385541,0.7,12.7
000988,2023-04,0.3112947658402203,0.1,12.4
000988,2023-05,0.04111644657863134,0.2,11.6
000988,2023-06,0.09570481406745457,0.0,11.3
000988,2023-07,-0.05340699815837946,-0.3,10.7
000988,2023-08,-0.12590327959977765,0.1,10.6
000988,2023-09,0.07058823529411762,0.0,10.3
000988,2023-10,-0.163944163944164,-0.2,10.3
000988,2023-11,0.05115452930728237,-0.5,10.0
000988,2023-12,0.005745184183845842,-0.3,9.7
000988,2024-01,-0.132728494623656,-0.8,8.7
000988,2024-02,0.2293684618364975,0.7,8.7
000988,2024-03,0.06523794516230685,0.1,8.3
000988,2024-04,-0.004733727810650734,0.3,7.2
000988,2024-05,-0.10939357907253267,0.3,7.0
000988,2024-06,-0.0010013351134846582,0.2,6.2
000988,2024-07,-0.0317407283661878,0.5,6.3
000988,2024-08,0.0314009661835748,0.6,6.3
000988,2024-09,0.16828370692539307,0.4,6.8
000988,2024-10,0.1277205040091638,0.3,7.5
000988,2024-11,-0.09319451498222453,0.2,7.1
000988,2024-12,0.2125455054606551,0.1,7.3
000988,2025-01,-0.09237875288683606,0.5,7.0
000988,2025-02,0.12977099236641232,-0.7,7.0
000988,2025-03,-0.0745495495495494,-0.1,7.0
000988,2025-04,-0.013141883669992804,-0.1,8.0
000988,2025-05,0.04044389642416779,-0.1,7.9
000988,2025-06,0.11424508177293191,0.1,8.3
000988,2025-07,0.07551584769198061,0.0,8.8
000988,2025-08,0.353243670886076,-0.4,8.8
000988,2025-09,0.35165156387021335,-0.3,8.4
000988,2025-10,-0.1368944636678202,0.2,8.2
000988,2025-11,-0.08757203708343764,0.7,8.0
000988,2025-12,0.08924893587807214,0.8,8.5
000988,2026-01,-0.024202697592335842,0.2,9.0
000988,2026-02,0.16083193385867456,1.3,9.0
000988,2026-03,0.1517916759403517,1.0,8.5
000988,2026-04,0.15487922705314006,1.2,8.6
002179,2008-01,-0.14503816793893132,7.0781,18.88
002179,2008-02,0.029336734693877542,8.7443,17.39
002179,2008-03,-0.1375464684014871,8.3097,16.19
002179,2008-04,-0.17241379310344818,8.4829,16.94
002179,2008-05,-0.32743055555555556,7.7163,18.07
002179,2008-06,-0.2953020134228188,7.0844,17.37
002179,2008-07,0.09157509157509147,6.302,16.35
002179,2008-08,-0.1778523489932886,4.9001,16.0
002179,2008-09,-0.15020408163265309,4.6425,15.29
002179,2008-10,-0.3266090297790586,3.9744,15.02
002179,2008-11,0.39087018544935814,2.434,14.8
002179,2008-12,0.5733333333333333,1.1999,17.82
002179,2009-01,0.12320730117340295,0.95,18.79
002179,2009-02,-0.040046430644225306,-1.5582,20.48
002179,2009-03,0.43893591293833145,-1.1714,25.51
002179,2009-04,0.11344537815126055,-1.5,25.95
002179,2009-05,-0.369811320754717,-1.3713,25.74
002179,2009-06,-0.015568862275448958,-1.7,28.46
002179,2009-07,0.22688564476885653,-1.8057,28.42
002179,2009-08,-0.1913733267228559,-1.2043,28.53
002179,2009-09,-0.03801348865726539,-0.7883,29.31
002179,2009-10,0.021032504780114758,-0.53,29.42
002179,2009-11,0.3838951310861425,0.56,29.74
002179,2009-12,-0.04961659900766813,1.8559,27.68
002179,2010-01,-0.05220692928334136,1.53,25.98
002179,2010-02,0.04456685027541307,2.6953,25.52
002179,2010-03,0.0028763183125599667,2.3707,22.5
002179,2010-04,-0.03537284894837489,2.8136,21.48
002179,2010-05,-0.1674925668979187,3.0613,21.0
002179,2010-06,-0.30892857142857144,2.9499,18.5
002179,2010-07,0.1257536606373817,3.3042,17.6
002179,2010-08,0.08339709257842376,3.4794,19.2
002179,2010-09,0.33121468926553677,3.6056,19.0
002179,2010-10,0.1145888594164457,4.3655,19.3
002179,2010-11,-0.03379343169919091,5.1192,19.5
002179,2010-12,-0.09064039408866997,4.5859,19.7
002179,2011-01,-0.030877573131094294,4.9121,17.2
002179,2011-02,0.10396869759642247,4.9443,15.7
002179,2011-03,0.16354430379746843,5.383,16.6
002179,2011-04,-0.02088772845953002,5.3442,15.3
002179,2011-05,-0.1333333333333333,5.5146,15.1
002179,2011-06,0.15384615384615374,6.3553,15.9
002179,2011-07,0.04755555555555557,6.4508,14.7
002179,2011-08,0.002121340687314399,6.1514,13.5
002179,2011-09,-0.09822184589331073,6.0671,13.04
002179,2011-10,-0.10892018779342727,5.4954,12.9
002179,2011-11,-0.025289778714436273,4.2246,12.7
002179,2011-12,-0.11351351351351358,4.0704,13.6
002179,2012-01,-0.09756097560975596,4.5485,12.4
002179,2012-02,0.1493243243243243,3.1613,13.0
002179,2012-03,-0.10758377425044097,3.5856,13.4
002179,2012-04,0.10737812911725952,3.3653,12.8
002179,2012-05,-0.08804283164782856,3.0008,13.2
002179,2012-06,-0.10502283105022825,2.1504,13.6
002179,2012-07,0.013119533527696792,1.8,13.9
002179,2012-08,-0.0805755395683454,2.0,13.5
002179,2012-09,0.06416275430359941,1.9,14.8
002179,2012-10,-0.030147058823529416,1.7,14.1
002179,2012-11,-0.1357088703563305,2.0,13.9
002179,2012-12,0.1929824561403508,2.5,13.8
002179,2013-01,0.04485294117647065,2.0,15.9
002179,2013-02,0.1238564391273751,3.2,15.2
002179,2013-03,-0.10081402629931124,2.1,15.7
002179,2013-04,-0.06406685236768805,2.4,16.1
002179,2013-05,0.17336309523809534,2.0981,15.8
002179,2013-06,-0.2390615091946734,2.7,14.0
002179,2013-07,0.06750000000000012,2.7,14.5
002179,2013-08,0.08430913348946145,2.6,14.7
002179,2013-09,-0.01367890568754504,3.1,14.2
002179,2013-10,-0.02116788321167873,3.2,14.3
002179,2013-11,0.37583892617449655,3.0,14.2
002179,2013-12,-0.09756097560975618,2.49871692,13.6
002179,2014-01,0.006606606606606835,2.5,13.2
002179,2014-02,0.002983293556085842,2.0,13.3
002179,2014-03,-0.08982748364068993,2.4,12.1
002179,2014-04,-0.022875816993464193,1.80138144,13.2
002179,2014-05,0.03879598662207351,2.5,13.4
002179,2014-06,0.13007083065035419,2.3,14.7
002179,2014-07,0.1783475783475783,2.3,13.5
002179,2014-08,0.1228239845261121,2.0,12.8
002179,2014-09,0.10852713178294571,1.6,12.9
002179,2014-10,0.11072261072261069,1.60114868,12.6
002179,2014-11,-0.1150752011192725,1.4,12.3
002179,2014-12,-0.07193675889328066,1.5,12.2
002179,2015-01,0.12350936967632031,0.8,10.8
002179,2015-02,0.08680818802122836,1.4,12.5
002179,2015-03,0.13882106731775368,1.4,11.6
002179,2015-04,0.1761102603369067,1.5,10.1
002179,2015-05,0.35182291666666665,1.2,10.8
002179,2015-06,-0.3642843382777884,1.4,11.8
002179,2015-07,0.44818181818181824,1.6,13.3
002179,2015-08,-0.19815861058798911,2.0,13.3
002179,2015-09,-0.07567849686847594,1.59560463,13.1
002179,2015-10,0.11998870694522878,1.3,13.5
002179,2015-11,0.020922611545248326,1.5,13.7
002179,2015-12,-0.06271604938271602,1.6,13.3
002179,2016-01,-0.23076923076923084,1.8,14.0
002179,2016-02,0.044520547945205546,2.3,13.3
002179,2016-03,0.1721311475409837,2.3,13.4
002179,2016-04,0.032727272727272716,2.3,12.8
002179,2016-05,0.07746478873239426,2.0,11.8
002179,2016-06,0.08898944193061831,1.9,11.8
002179,2016-07,-0.021698984302862323,1.8,10.2
002179,2016-08,-0.02477583765927338,1.3,11.4
002179,2016-09,-0.023469634647955484,1.9,11.5
002179,2016-10,-0.047819623389494526,2.1,11.6
002179,2016-11,-0.021337496747332874,2.3,11.4
002179,2016-12,-0.035097048657272034,2.1,11.3
002179,2017-01,0.10168090383025619,2.5,10.7032
002179,2017-02,-0.03301650825412705,0.8,10.45
002179,2017-03,-0.019917227108121938,0.9,10.1178
002179,2017-04,-0.0007917656373713777,1.2,9.8426
002179,2017-05,-0.2662440570522979,1.5,9.1289
002179,2017-06,0.12275017998560123,1.5,9.1013
002179,2017-07,0.10259698621352986,1.4,8.89
002179,2017-08,-0.03518464669962196,1.8,8.5633
002179,2017-09,0.12115732368896936,1.6,8.976
002179,2017-10,-0.0010752688172044333,1.9,8.8771
002179,2017-11,-0.028525296017222646,1.7,9.1148
002179,2017-12,0.09085872576177279,1.8,8.0654
002179,2018-01,-0.06983240223463683,1.5,8.6
002179,2018-02,0.02020202020202011,2.9,8.8
002179,2018-03,0.15868343591115863,2.1,8.2
002179,2018-04,-0.10392609699769051,1.8,8.3
002179,2018-05,0.006185567010309256,1.8,8.3
002179,2018-06,-0.0010245901639344135,1.9,8.0
002179,2018-07,0.07641025641025623,2.1,8.5
002179,2018-08,-0.01619818961410191,2.3,8.2
002179,2018-09,0.06537530266343827,2.5,8.3
002179,2018-10,-0.12954545454545463,2.5,8.0
002179,2018-11,0.022715404699739095,2.2,8.0
002179,2018-12,-0.1401582844013276,1.9,8.1
002179,2019-01,0.04423990498812347,1.7,8.4
002179,2019-02,0.16548194483935164,1.5,8.0
002179,2019-03,-0.008538667967797009,2.3,8.6
002179,2019-04,0.023622047244094446,2.5,8.5
002179,2019-05,-0.20673076923076927,2.7,8.5
002179,2019-06,0.013939393939393918,2.7,8.5
002179,2019-07,0.10310818888224738,2.8,8.1
002179,2019-08,0.17447846112164744,2.8,8.2
002179,2019-09,-0.05005767012687434,3.0,8.4
002179,2019-10,-0.019912578921806756,3.8,8.4
002179,2019-11,-0.04558969276511393,4.5,8.2
002179,2019-12,0.014018691588784993,4.5,8.7
002179,2020-01,-0.0432667690732208,5.4,8.4
002179,2020-02,0.05137811078405141,5.2,8.8
002179,2020-03,-0.12954950369050644,4.3,10.1
002179,2020-04,0.04766081871345018,3.3,11.1
002179,2020-05,-0.024002232765838682,2.4,11.1
002179,2020-06,0.17271947383471553,2.5,11.1
002179,2020-07,0.06193611314313574,2.7,10.7
002179,2020-08,0.10907003444316876,2.4,10.4
002179,2020-09,-0.04140786749482406,1.7,10.9
002179,2020-10,0.1965442764578833,0.5,10.5
002179,2020-11,0.06498194945848379,-0.5,10.7
002179,2020-12,0.3269491525423729,0.2,10.1
002179,2021-01,-0.11227487546302217,-0.3,9.4
002179,2021-02,-0.009640287769784206,-0.2,10.1
002179,2021-03,-0.01787011477553402,0.4,9.4
002179,2021-04,0.00857988165680501,0.9,8.1
002179,2021-05,0.13083015547081245,1.3,8.3
002179,2021-06,0.024902723735408694,1.1,8.6
002179,2021-07,0.049101493292837306,1.0,8.3
002179,2021-08,0.2092882991556091,0.8,8.2
002179,2021-09,-0.18164588528678294,0.7,8.3
002179,2021-10,0.12262311067771803,1.5,8.7
002179,2021-11,0.11617806731813252,2.3,8.5
002179,2021-12,-0.021789883268482413,1.5,9.0
002179,2022-01,-0.11913285600636436,0.9,9.8
002179,2022-02,-0.0012418153081960037,0.9,9.2
002179,2022-03,-0.12184921442296826,1.5,9.7
002179,2022-04,-0.02561462221650146,2.1,10.5
002179,2022-05,0.09630118890356654,2.1,11.1
002179,2022-06,-0.23701650801301355,2.5,11.4
002179,2022-07,-0.03663929248262787,2.7,12.0
002179,2022-08,-0.0024590163934425924,2.5,12.2
002179,2022-09,-0.04683648315529998,2.8,12.1
002179,2022-10,0.1344827586206896,2.1,11.8
002179,2022-11,-0.1088145896656535,1.6,12.4
002179,2022-12,-0.015006821282401162,1.8,11.8
002179,2023-01,-0.0005193905817174604,2.1,12.6
002179,2023-02,-0.012645071886367543,1.0,12.9
002179,2023-03,-0.05122807017543862,0.7,12.7
002179,2023-04,0.01571745562130178,0.1,12.4
002179,2023-05,-0.22610595303113057,0.2,11.6
002179,2023-06,0.06680780992707613,0.0,11.3
002179,2023-07,-0.06747519294377069,-0.3,10.7
002179,2023-08,0.05746039252778434,0.1,10.6
002179,2023-09,-0.05411449016100178,0.0,10.3
002179,2023-10,-0.023640661938534313,-0.2,10.3
002179,2023-11,-0.03849878934624684,-0.5,10.0
002179,2023-12,-0.017879627297909817,-0.3,9.7
002179,2024-01,-0.20641025641025645,-0.8,8.7
002179,2024-02,0.10888529886914378,0.7,8.7
002179,2024-03,0.002622377622377492,0.1,8.3
002179,2024-04,-0.0008718395815168201,0.3,7.2
002179,2024-05,0.027050610820244403,0.3,7.0
002179,2024-06,0.07759841404701207,0.2,6.2
002179,2024-07,0.024178712220762177,0.5,6.3
002179,2024-08,-0.05337439055683857,0.6,6.3
002179,2024-09,0.18026565464895627,0.4,6.8
002179,2024-10,0.014010105649977067,0.3,7.5
002179,2024-11,-0.0924122310305775,0.2,7.1
002179,2024-12,-0.019216371350137318,0.1,7.3
002179,2025-01,-0.04096692111959288,0.5,7.0
002179,2025-02,0.0,-0.7,7.0
002179,2025-03,0.08861767046962066,-0.1,7.0
002179,2025-04,-0.009748964172556662,-0.1,8.0
002179,2025-05,-0.03470342111740099,-0.1,7.9
002179,2025-06,0.029066802651708246,0.1,8.3
002179,2025-07,-0.054013875123885,0.0,8.8
002179,2025-08,0.09612362493452076,-0.4,8.8
002179,2025-09,-0.01385902031063313,-0.3,8.4
002179,2025-10,-0.14950327114126483,0.2,8.2
002179,2025-11,-0.03304843304843319,0.7,8.0
002179,2025-12,0.04419563936358273,0.8,8.5
002179,2026-01,-0.03244920993227984,0.2,9.0
002179,2026-02,0.03674540682414684,1.3,9.0
002179,2026-03,-0.049226441631504914,1.0,8.5
002179,2026-04,0.08165680473372805,1.2,8.6
300510,2016-06,0.24191176470588238,1.9,11.8
300510,2016-07,0.011397276494967468,1.8,10.2
300510,2016-08,0.26811063954339254,1.3,11.4
300510,2016-09,-0.05481823427582222,1.9,11.5
300510,2016-12,-0.5763125763125763,2.1,11.3
300510,2017-01,-0.11585014409221905,2.5,10.7032
300510,2017-02,0.05410691003911361,0.8,10.45
300510,2017-03,0.0794681508967221,0.9,10.1178
300510,2017-07,-0.29619020338012025,1.4,8.89
300510,2017-08,0.1912901912901912,1.8,8.5633
300510,2017-09,0.10249402118209794,1.6,8.976
300510,2017-10,-0.13820886272079347,1.9,8.8771
300510,2017-11,0.0046745774901115755,1.7,9.1148
300510,2017-12,0.013600572655690701,1.8,8.0654
300510,2018-01,-0.07980225988700573,1.5,8.6
300510,2018-02,0.05410590943975446,2.9,8.8
300510,2018-03,0.008008736803785999,2.1,8.2
300510,2018-04,-0.02600216684723733,1.8,8.3
300510,2018-05,-0.02484241750092686,1.8,8.3
300510,2018-06,-0.0692015209125475,1.9,8.0
300510,2018-12,-0.6205065359477124,1.9,8.1
300510,2019-01,-0.08719052744886957,1.7,8.4
300510,2019-02,0.37264150943396235,1.5,8.0
300510,2019-03,-0.038659793814433074,2.3,8.6
300510,2019-04,0.009830205540661385,2.5,8.5
300510,2019-05,-0.08053097345132743,2.7,8.5
300510,2019-06,-0.4677574590952839,2.7,8.5
300510,2019-07,-0.02169981916817365,2.8,8.1
300510,2019-08,-0.0369685767097967,2.8,8.2
300510,2019-09,0.5854126679462572,3.0,8.4
300510,2019-10,-0.0423728813559322,3.8,8.4
300510,2019-11,-0.18963337547408343,4.5,8.2
300510,2019-12,0.09204368174726985,4.5,8.7
300510,2020-01,-0.2242857142857143,5.4,8.4
300510,2020-02,-0.0847145488029466,5.2,8.8
300510,2020-03,-0.1529175050301811,4.3,10.1
300510,2020-04,0.07363420427553424,3.3,11.1
300510,2020-05,0.03761061946902666,2.4,11.1
300510,2020-06,-0.061833688699360345,2.5,11.1
300510,2020-07,0.16363636363636358,2.7,10.7
300510,2020-08,0.083984375,2.4,10.4
300510,2020-09,0.1099099099099099,1.7,10.9
300510,2020-10,0.037337662337662225,0.5,10.5
300510,2020-11,-0.11580594679186218,-0.5,10.7
300510,2020-12,-0.09557522123893802,0.2,10.1
300510,2021-01,-0.09001956947162426,-0.3,9.4
300510,2021-02,0.034408602150537426,-0.2,10.1
300510,2021-03,0.0935550935550935,0.4,9.4
300510,2021-04,0.07414448669201534,0.9,8.1
300510,2021-05,0.09380530973451306,1.3,8.3
300510,2021-06,-0.029126213592232997,1.1,8.6
300510,2021-07,0.1333333333333333,1.0,8.3
300510,2021-08,0.25588235294117645,0.8,8.2
300510,2021-09,-0.08665105386416849,0.7,8.3
300510,2021-10,0.03076923076923066,1.5,8.7
300510,2021-11,-0.03233830845771135,2.3,8.5
300510,2021-12,-0.15552699228791778,1.5,9.0
300510,2022-01,-0.13242009132420096,0.9,9.8
300510,2022-02,0.04035087719298236,0.9,9.2
300510,2022-03,-0.14502529510961204,1.5,9.7
300510,2022-04,-0.21893491124260356,2.1,10.5
300510,2022-05,0.0984848484848484,2.1,11.1
300510,2022-06,0.13793103448275867,2.5,11.4
300510,2022-07,0.08686868686868676,2.7,12.0
300510,2022-08,-0.1003717472118959,2.5,12.2
300510,2022-09,-0.13223140495867758,2.8,12.1
300510,2022-10,0.050000000000000044,2.1,11.8
300510,2022-11,0.18367346938775508,1.6,12.4
300510,2022-12,0.02490421455938696,1.8,11.8
300510,2023-01,0.18504672897196262,2.1,12.6
300510,2023-02,-0.02681388012618291,1.0,12.9
300510,2023-03,-0.12641815235008103,0.7,12.7
300510,2023-04,-0.05936920222634501,0.1,12.4
300510,2023-05,0.47731755424063116,0.2,11.6
300510,2023-06,-0.06809078771695587,0.0,11.3
300510,2023-07,-0.08166189111747857,-0.3,10.7
300510,2023-08,0.06864274570982842,0.1,10.6
300510,2023-09,0.033576642335766405,0.0,10.3
300510,2023-10,-0.11299435028248583,-0.2,10.3
300510,2023-11,-0.015923566878981,-0.5,10.0
300510,2023-12,-0.03398058252427183,-0.3,9.7
300510,2024-01,-0.23785594639865992,-0.8,8.7
300510,2024-02,0.04395604395604402,0.7,8.7
300510,2024-03,0.027368421052631486,0.1,8.3
300510,2024-04,-0.10655737704918022,0.3,7.2
300510,2024-05,-0.05963302752293598,0.3,7.0
300510,2024-06,-0.14634146341463405,0.2,6.2
300510,2024-07,0.014285714285714235,0.5,6.3
300510,2024-08,-0.05915492957746482,0.6,6.3
300510,2024-09,0.45808383233532934,0.4,6.8
300510,2024-10,-0.04722792607802884,0.3,7.5
300510,2024-11,0.051724137931034475,0.2,7.1
300510,2024-12,-0.13114754098360648,0.1,7.3
300510,2025-01,-0.09433962264150952,0.5,7.0
300510,2025-02,0.07031250000000022,-0.7,7.0
300510,2025-03,0.014598540145985384,-0.1,7.0
300510,2025-04,-0.052757793764987904,-0.1,8.0
300510,2025-05,0.10126582278481,-0.1,7.9
300510,2025-06,0.052873563218390984,0.1,8.3
300510,2025-07,0.08951965065502177,0.0,8.8
300510,2025-08,-0.06813627254509014,-0.4,8.8
300510,2025-09,-0.04516129032258065,-0.3,8.4
300510,2025-10,-0.029279279279279424,0.2,8.2
300510,2025-11,0.0023201856148493682,0.7,8.0
300510,2025-12,-0.04398148148148162,0.8,8.5
300510,2026-01,0.05811138014527861,0.2,9.0
300510,2026-02,0.08009153318077789,1.3,9.0
300510,2026-03,-0.09957627118644063,1.0,8.5
300510,2026-04,-0.016470588235294237,1.2,8.6
600048,2008-01,0.06448626966985516,7.0781,18.88
600048,2008-02,-0.07840579710144924,8.7443,17.39
600048,2008-03,-0.5321591445195786,8.3097,16.19
600048,2008-04,-0.22823529411764698,8.4829,16.94
600048,2008-05,-0.24651567944250874,7.7163,18.07
600048,2008-06,-0.2202312138728324,7.0844,17.37
600048,2008-07,0.15641215715344692,6.302,16.35
600048,2008-08,-0.0692307692307692,4.9001,16.0
600048,2008-09,0.022727272727272707,4.6425,15.29
600048,2008-10,-0.04781144781144775,3.9744,15.02
600048,2008-11,0.2036775106082036,2.434,14.8
600048,2008-12,-0.15393654524089306,1.1999,17.82
600048,2009-01,0.1465277777777778,0.95,18.79
600048,2009-02,0.05572380375529962,-1.5582,20.48
600048,2009-03,0.2627653471026965,-1.1714,25.51
600048,2009-04,-0.11767378464334388,-1.5,25.95
600048,2009-05,0.10092687950566415,-1.3713,25.74
600048,2009-06,0.30449017773620213,-1.7,28.46
600048,2009-07,-0.020437432771602704,-1.8057,28.42
600048,2009-08,-0.24084919472913624,-1.2043,28.53
600048,2009-09,0.16393442622950838,-0.7883,29.31
600048,2009-10,0.06917978458989227,-0.53,29.42
600048,2009-11,-0.03525765207284004,0.56,29.74
600048,2009-12,-0.10040160642570284,1.8559,27.68
600048,2010-01,-0.14910714285714288,1.53,25.98
600048,2010-02,0.04459601259181545,2.6953,25.52
600048,2010-03,0.03917629331993977,2.3707,22.5
600048,2010-04,-0.4030932817786371,2.8136,21.48
600048,2010-05,-0.10526315789473673,3.0613,21.0
600048,2010-06,-0.07420814479638016,2.9499,18.5
600048,2010-07,0.28543499511241444,3.3042,17.6
600048,2010-08,-0.0874524714828897,3.4794,19.2
600048,2010-09,0.030000000000000027,3.6056,19.0
600048,2010-10,0.15372168284789645,4.3655,19.3
600048,2010-11,-0.15007012622720906,5.1192,19.5
600048,2010-12,0.04785478547854782,4.5859,19.7
600048,2011-01,0.019685039370078705,4.9121,17.2
600048,2011-02,-0.04478764478764474,4.9443,15.7
600048,2011-03,0.08569118835893286,5.383,16.6
600048,2011-04,-0.02159344750558445,5.3442,15.3
600048,2011-05,-0.28538812785388123,5.5146,15.1
600048,2011-06,0.1703940362087326,6.3553,15.9
600048,2011-07,-0.047315741583257465,6.4508,14.7
600048,2011-08,0.04871060171919761,6.1514,13.5
600048,2011-09,-0.1575591985428051,6.0671,13.04
600048,2011-10,0.11459459459459476,5.4954,12.9
600048,2011-11,-0.10669253152279334,4.2246,12.7
600048,2011-12,0.08577633007600416,4.0704,13.6
600048,2012-01,0.050000000000000044,4.5485,12.4
600048,2012-02,0.05714285714285716,3.1613,13.0
600048,2012-03,0.017117117117117164,3.5856,13.4
600048,2012-04,0.10806023029229417,3.3653,12.8
600048,2012-05,0.09032773780975223,3.0008,13.2
600048,2012-06,-0.16862170087976547,2.1504,13.6
600048,2012-07,0.005291005291005346,1.8,13.9
600048,2012-08,-0.17456140350877192,2.0,13.5
600048,2012-09,0.1434643995749203,1.9,14.8
600048,2012-10,0.032527881040892215,1.7,14.1
600048,2012-11,0.03240324032403241,2.0,13.9
600048,2012-12,0.1857018308631211,2.5,13.8
600048,2013-01,-0.027941176470588136,2.0,15.9
600048,2013-02,-0.030257186081694476,3.2,15.2
600048,2013-03,-0.1045241809672387,2.1,15.7
600048,2013-04,0.013066202090592283,2.4,16.1
600048,2013-05,0.07222699914015474,2.0981,15.8
600048,2013-06,-0.20529270248596632,2.7,14.0
600048,2013-07,0.02825428859737622,2.7,14.5
600048,2013-08,0.024533856722276814,2.6,14.7
600048,2013-09,-0.05363984674329492,3.1,14.2
600048,2013-10,-0.037449392712550655,3.2,14.3
600048,2013-11,-0.06414300736067291,3.0,14.2
600048,2013-12,-0.0730337078651686,2.49871692,13.6
600048,2014-01,-0.05818181818181822,2.5,13.2
600048,2014-02,-0.13127413127413123,2.0,13.3
600048,2014-03,0.1274074074074074,2.4,12.1
600048,2014-04,0.003942181340341522,1.80138144,13.2
600048,2014-05,-0.3429319371727749,2.5,13.4
600048,2014-06,-0.01195219123505964,2.3,14.7
600048,2014-07,0.21169354838709675,2.3,13.5
600048,2014-08,-0.056572379367720416,2.0,12.8
600048,2014-09,-0.021164021164021163,1.6,12.9
600048,2014-10,0.03963963963963968,1.60114868,12.6
600048,2014-11,0.24783362218370897,1.4,12.3
600048,2014-12,0.5027777777777778,1.5,12.2
600048,2015-01,-0.031423290203327126,0.8,10.8
600048,2015-02,-0.027671755725190872,1.4,12.5
600048,2015-03,0.12757605495583912,1.4,11.6
600048,2015-04,0.30287206266318534,1.5,10.1
600048,2015-05,-0.19305277221108885,1.2,10.8
600048,2015-06,-0.054635761589403975,1.4,11.8
600048,2015-07,-0.19439579684763575,1.6,13.3
600048,2015-08,-0.08695652173913038,2.0,13.3
600048,2015-09,-0.04880952380952386,1.59560463,13.1
600048,2015-10,0.09136420525657085,1.3,13.5
600048,2015-11,0.10091743119266039,1.5,13.7
600048,2015-12,0.10833333333333339,1.6,13.3
600048,2016-01,-0.181390977443609,1.8,14.0
600048,2016-02,0.042479908151549894,2.3,13.3
600048,2016-03,0.022026431718061623,2.3,13.4
600048,2016-04,-0.03556034482758619,2.3,12.8
600048,2016-05,-0.05139664804469268,2.0,11.8
600048,2016-06,0.016489988221437102,1.9,11.8
600048,2016-07,0.04171494785631502,1.8,10.2
600048,2016-08,0.0901001112347053,1.3,11.4
600048,2016-09,-0.020408163265306256,1.9,11.5
600048,2016-10,-0.04687499999999989,2.1,11.6
600048,2016-11,0.07978142076502737,2.3,11.4
600048,2016-12,-0.07591093117408909,2.1,11.3
600048,2017-01,0.009857612267250904,2.5,10.7032
600048,2017-02,0.027114967462039008,0.8,10.45
600048,2017-03,0.0063357972544877406,0.9,10.1178
600048,2017-04,-0.011542497376705096,1.2,9.8426
600048,2017-05,0.028662420382165488,1.5,9.1289
600048,2017-06,0.028895768833849367,1.5,9.1013
600048,2017-07,0.054162487462387165,1.4,8.89
600048,2017-08,-0.01902949571836343,1.8,8.5633
600048,2017-09,0.008729388942773975,1.6,8.976
600048,2017-10,0.04711538461538467,1.9,8.8771
600048,2017-11,0.15702479338842967,1.7,9.1148
600048,2017-12,0.12301587301587302,1.8,8.0654
600048,2018-01,0.21766784452296828,1.5,8.6
600048,2018-02,-0.150899593731863,2.9,8.8
600048,2018-03,-0.07928913192071085,2.1,8.2
600048,2018-04,-0.025241276911655564,1.8,8.3
600048,2018-05,-0.06016755521706019,1.8,8.3
600048,2018-06,-0.011345218800648316,1.9,8.0
600048,2018-07,-0.0057377049180327155,2.1,8.5
600048,2018-08,0.012366034624896827,2.3,8.2
600048,2018-09,-0.00895765472312704,2.5,8.3
600048,2018-10,0.03533278553820862,2.5,8.0
600048,2018-11,0.039682539682539764,2.2,8.0
600048,2018-12,-0.10000000000000009,1.9,8.1
600048,2019-01,0.09245122985581022,1.7,8.4
600048,2019-02,0.025621118012422395,1.5,8.0
600048,2019-03,0.07797123391370175,2.3,8.6
600048,2019-04,-0.0526685393258427,2.5,8.5
600048,2019-05,-0.09859154929577463,2.7,8.5
600048,2019-06,0.049342105263157965,2.7,8.5
600048,2019-07,0.11363636363636376,2.8,8.1
600048,2019-08,-0.053483462350457533,2.8,8.2
600048,2019-09,0.06319702602230493,3.0,8.4
600048,2019-10,0.007692307692307665,3.8,8.4
600048,2019-11,0.001387925052047212,4.5,8.2
600048,2019-12,0.1212751212751213,4.5,8.7
600048,2020-01,-0.05253399258343627,5.4,8.4
600048,2020-02,0.056099151989563056,5.2,8.8
600048,2020-03,-0.08153180975911067,4.3,10.1
600048,2020-04,0.09213180901143248,3.3,11.1
600048,2020-05,-0.11576354679802947,2.4,11.1
600048,2020-06,0.029247910863509752,2.5,11.1
600048,2020-07,0.05548037889039237,2.7,10.7
600048,2020-08,0.03205128205128216,2.4,10.4
600048,2020-09,-0.013043478260869601,1.7,10.9
600048,2020-10,-0.033354310887350636,0.5,10.5
600048,2020-11,0.12109375,-0.5,10.7
600048,2020-12,-0.08130081300812997,0.2,10.1
600048,2021-01,-0.12705436156763594,-0.3,9.4
600048,2021-02,0.1252715423606081,-0.2,10.1
600048,2021-03,-0.08429858429858417,0.4,9.4
600048,2021-04,-0.016163035839775186,0.9,8.1
600048,2021-05,-0.034285714285714364,1.3,8.3
600048,2021-06,-0.10946745562130178,1.1,8.6
600048,2021-07,-0.16860465116279066,1.0,8.3
600048,2021-08,0.13786213786213786,0.8,8.2
600048,2021-09,0.23178226514486377,0.7,8.3
600048,2021-10,-0.10477548111190294,1.5,8.7
600048,2021-11,0.10270700636942665,2.3,8.5
600048,2021-12,0.12851985559566792,1.5,9.0
600048,2022-01,0.004478566858605149,0.9,9.8
600048,2022-02,0.007643312101910826,0.9,9.2
600048,2022-03,0.11883691529709228,1.5,9.7
600048,2022-04,0.023728813559322104,2.1,10.5
600048,2022-05,-0.14403973509933776,2.1,11.1
600048,2022-06,0.12572533849129597,2.5,11.4
600048,2022-07,-0.04524627720504004,2.7,12.0
600048,2022-08,0.037792441511697694,2.5,12.2
600048,2022-09,0.040462427745664664,2.8,12.1
600048,2022-10,-0.23333333333333328,2.1,11.8
600048,2022-11,0.2065217391304346,1.6,12.4
600048,2022-12,-0.09129129129129121,1.8,11.8
600048,2023-01,0.039656311962987356,2.1,12.6
600048,2023-02,-0.04068658614113163,1.0,12.9
600048,2023-03,-0.06361829025844923,0.7,12.7
600048,2023-04,-0.015569709837225831,0.1,12.4
600048,2023-05,-0.08411214953271029,0.2,11.6
600048,2023-06,0.02276295133437989,0.0,11.3
600048,2023-07,0.0920951650038373,-0.3,10.7
600048,2023-08,-0.017568517217146917,0.1,10.6
600048,2023-09,-0.0886981402002861,0.0,10.3
600048,2023-10,-0.13500784929356358,-0.2,10.3
600048,2023-11,-0.06896551724137934,-0.5,10.0
600048,2023-12,-0.03508771929824561,-0.3,9.7
600048,2024-01,-0.03636363636363649,-0.8,8.7
600048,2024-02,0.024109014675052443,0.7,8.7
600048,2024-03,-0.06550665301944714,0.1,8.3
600048,2024-04,-0.024096385542168752,0.3,7.2
600048,2024-05,0.14702581369248047,0.3,7.0
600048,2024-06,-0.1428571428571429,0.2,6.2
600048,2024-07,0.006849315068493178,0.5,6.3
600048,2024-08,-0.07936507936507953,0.6,6.3
600048,2024-09,0.3583743842364533,0.4,6.8
600048,2024-10,-0.020852221214868405,0.3,7.5
600048,2024-11,-0.05185185185185193,0.2,7.1
600048,2024-12,-0.1347656250000001,0.1,7.3
600048,2025-01,-0.06094808126410822,0.5,7.0
600048,2025-02,0.04567307692307687,-0.7,7.0
600048,2025-03,-0.05057471264367808,-0.1,7.0
600048,2025-04,0.013317191283293006,-0.1,8.0
600048,2025-05,-0.028673835125447855,-0.1,7.9
600048,2025-06,-0.0036900369003691758,0.1,8.3
600048,2025-07,-0.014814814814814725,0.0,8.8
600048,2025-08,-0.0025062656641604564,-0.4,8.8
600048,2025-09,-0.012562814070351758,-0.3,8.4
600048,2025-10,-0.06743002544529264,0.2,8.2
600048,2025-11,-0.07776261937244211,0.7,8.0
600048,2025-12,-0.09763313609467461,0.8,8.5
600048,2026-01,0.11639344262295093,0.2,9.0
600048,2026-02,-0.001468428781204123,1.3,9.0
600048,2026-03,-0.14411764705882346,1.0,8.5
600048,2026-04,0.05498281786941561,1.2,8.6
600519,2008-01,-0.10421739130434782,7.0781,18.88
600519,2008-02,-0.05353589283114113,8.7443,17.39
600519,2008-03,-0.03738461538461535,8.3097,16.19
600519,2008-04,-0.024399339406531384,8.4829,16.94
600519,2008-05,-0.08185442035712343,7.7163,18.07
600519,2008-06,-0.17580587605566778,7.0844,17.37
600519,2008-07,0.1537739933612352,6.302,16.35
600519,2008-08,-0.12446056663956462,4.9001,16.0
600519,2008-09,-0.05786127580541478,4.6425,15.29
600519,2008-10,-0.30093259534460526,3.9744,15.02
600519,2008-11,0.10412147505422986,2.434,14.8
600519,2008-12,0.0677799607072691,1.1999,17.82
600519,2009-01,-0.05059797608095673,0.95,18.79
600519,2009-02,0.14757751937984498,-1.5582,20.48
600519,2009-03,-0.031157645866756845,-1.1714,25.51
600519,2009-04,0.014031723897507398,-1.5,25.95
600519,2009-05,-0.013579716373012474,-1.3713,25.74
600519,2009-06,0.289622723708286,-1.7,28.46
600519,2009-07,0.013580163502466158,-1.8057,28.42
600519,2009-08,-0.0001999733368883705,-1.2043,28.53
600519,2009-09,0.09913994266284432,-0.7883,29.31
600519,2009-10,-0.04397670750940186,-0.53,29.42
600519,2009-11,0.10341983376689279,0.56,29.74
600519,2009-12,-0.0235179115634524,1.8559,27.68
600519,2010-01,-0.0075373925332705705,1.53,25.98
600519,2010-02,-0.01008662632016133,2.6953,25.52
600519,2010-03,-0.048429633181491294,2.3707,22.5
600519,2010-04,-0.18726379440665153,2.8136,21.48
600519,2010-05,0.0220878865380143,3.0613,21.0
600519,2010-06,-0.03427358204428266,2.9499,18.5
600519,2010-07,0.0888033919597988,3.3042,17.6
600519,2010-08,0.1482656666907045,3.4794,19.2
600519,2010-09,0.0596621239716133,3.6056,19.0
600519,2010-10,-0.03307058614354286,4.3655,19.3
600519,2010-11,0.25534783941158445,5.1192,19.5
600519,2010-12,-0.10199697280406239,4.5859,19.7
600519,2011-01,-0.03224227925184853,4.9121,17.2
600519,2011-02,0.003876622282150688,4.9443,15.7
600519,2011-03,0.006548018804566791,5.383,16.6
600519,2011-04,0.013678065054211874,5.3442,15.3
600519,2011-05,0.11787614502770016,5.5146,15.1
600519,2011-06,0.043326790971540685,6.3553,15.9
600519,2011-07,-0.027935851008794588,6.4508,14.7
600519,2011-08,0.03909236053993914,6.1514,13.5
600519,2011-09,-0.1125855566419891,6.0671,13.04
600519,2011-10,0.0714623012749882,5.4954,12.9
600519,2011-11,0.028646981048920273,4.2246,12.7
600519,2011-12,-0.07978672760163763,4.0704,13.6
600519,2012-01,-0.035644076564925076,4.5485,12.4
600519,2012-02,0.09682956922911856,3.1613,13.0
600519,2012-03,-0.03668199158759655,3.5856,13.4
600519,2012-04,0.14012997562956953,3.3653,12.8
600519,2012-05,0.053972212326327096,3.0008,13.2
600519,2012-06,0.01043603177285779,2.1504,13.6
600519,2012-07,0.03048296048505117,1.8,13.9
600519,2012-08,-0.10826164583671483,2.0,13.5
600519,2012-09,0.11849290134692403,1.9,14.8
600519,2012-10,0.00626525630593977,1.7,14.1
600519,2012-11,-0.12666774480472232,2.0,13.9
600519,2012-12,-0.032359612980880414,2.5,13.8
600519,2013-01,-0.144101042962396,2.0,15.9
600519,2013-02,-0.021799888205701556,3.2,15.2
600519,2013-03,-0.035085714285714165,2.1,15.7
600519,2013-04,0.030380196612578514,2.4,16.1
600519,2013-05,0.13282372550146548,2.0981,15.8
600519,2013-06,-0.023997970573312988,2.7,14.0
600519,2013-07,-0.12408379684982063,2.7,14.5
600519,2013-08,0.0016617210682492445,2.6,14.7
600519,2013-09,-0.19457281668444126,3.1,14.2
600519,2013-10,-0.006105634838899365,3.2,14.3
600519,2013-11,0.046850714232847146,3.0,14.2
600519,2013-12,-0.09233597285067874,2.49871692,13.6
600519,2014-01,0.029755413615828008,2.5,13.2
600519,2014-02,0.13479576399394877,2.0,13.3
600519,2014-03,0.03119584055459268,2.4,12.1
600519,2014-04,0.05934065934065935,1.80138144,13.2
600519,2014-05,-0.06504759580180619,2.5,13.4
600519,2014-06,-0.07335856937736596,2.3,14.7
600519,2014-07,0.1288209606986901,2.3,13.5
600519,2014-08,-0.012728520621451467,2.0,12.8
600519,2014-09,0.02464766479175884,1.6,12.9
600519,2014-10,-0.03361500030839448,1.60114868,12.6
600519,2014-11,-0.005361245851416951,1.4,12.3
600519,2014-12,0.21676078028747425,1.5,12.2
600519,2015-01,-0.06560489399852332,0.8,10.8
600519,2015-02,0.07828197313466534,1.4,12.5
600519,2015-03,0.02570007851347822,1.4,11.6
600519,2015-04,0.2871504388650743,1.5,10.1
600519,2015-05,0.04598977124053438,1.2,10.8
600519,2015-06,-0.02342417465792368,1.4,11.8
600519,2015-07,-0.19724432369493483,1.6,13.3
600519,2015-08,-0.055407822849683375,2.0,13.3
600519,2015-09,-0.025899575165071465,1.59560463,13.1
600519,2015-10,0.12374546792076102,1.3,13.5
600519,2015-11,0.0021041803048722496,1.5,13.7
600519,2015-12,0.01810461481032144,1.6,13.3
600519,2016-01,-0.08038865209221313,1.8,14.0
600519,2016-02,0.07106902566658357,2.3,13.3
600519,2016-03,0.1522963100832906,2.3,13.4
600519,2016-04,0.014375706670973987,2.3,12.8
600519,2016-05,0.05282643312101931,2.0,11.8
600519,2016-06,0.10379249064166052,1.9,11.8
600519,2016-07,0.07272540422033424,1.8,10.2
600519,2016-08,-0.009452339134599974,1.3,11.4
600519,2016-09,-0.039588639221122435,1.9,11.5
600519,2016-10,0.06726863817931572,2.1,11.6
600519,2016-11,0.0035540179273469974,2.3,11.4
600519,2016-12,0.047229534912874405,2.1,11.3
600519,2017-01,0.030734699985036862,2.5,10.7032
600519,2017-02,0.02973114221009232,0.8,10.45
600519,2017-03,0.08938137934923596,0.9,10.1178
600519,2017-04,0.07019360182213474,1.2,9.8426
600519,2017-05,0.07124891167650182,1.5,9.1289
600519,2017-06,0.06526843364789814,1.5,9.1013
600519,2017-07,0.019858005722157568,1.4,8.89
600519,2017-08,0.02063505257470588,1.8,8.5633
600519,2017-09,0.05393464318436325,1.6,8.976
600519,2017-10,0.19393787188007106,1.9,8.8771
600519,2017-11,0.020986036276556153,1.7,9.1148
600519,2017-12,0.1053724247226624,1.8,8.0654
600519,2018-01,0.09613041047183457,1.5,8.6
600519,2018-02,-0.05090642739425011,2.9,8.8
600519,2018-03,-0.05788153579008293,2.1,8.2
600519,2018-04,-0.03085047248471373,1.8,8.3
600519,2018-05,0.13372979336784763,1.8,8.3
600519,2018-06,-0.02618721126835566,1.9,8.0
600519,2018-07,-0.006862986356054979,2.1,8.5
600519,2018-08,-0.09257474808655908,2.3,8.2
600519,2018-09,0.10741971207087486,2.5,8.3
600519,2018-10,-0.24808219178082191,2.5,8.0
600519,2018-11,0.029331390052832917,2.2,8.0
600519,2018-12,0.04426548672566377,1.9,8.1
600519,2019-01,0.16879374925848722,1.7,8.4
600519,2019-02,0.09485208816705337,1.5,8.0
600519,2019-03,0.13109760135627346,2.3,8.6
600519,2019-04,0.14052857761800497,2.5,8.5
600519,2019-05,-0.08624229979466114,2.7,8.5
600519,2019-06,0.10561797752808988,2.7,8.5
600519,2019-07,-0.011585365853658547,2.8,8.1
600519,2019-08,0.17417232161217355,2.8,8.2
600519,2019-09,0.007005253940455258,3.0,8.4
600519,2019-10,0.026095652173913075,3.8,8.4
600519,2019-11,-0.04322844721654906,4.5,8.2
600519,2019-12,0.047829937998228544,4.5,8.7
600519,2020-01,-0.11005917159763312,5.4,8.4
600519,2020-02,0.003989361702127603,5.2,8.8
600519,2020-03,0.0510879848628194,4.3,10.1
600519,2020-04,0.13924392439243927,3.3,11.1
600519,2020-05,0.07971873271707342,2.4,11.1
600519,2020-06,0.070452217181326,2.5,11.1
600519,2020-07,0.14717543475883188,2.7,10.7
600519,2020-08,0.06454611543457789,2.4,10.4
600519,2020-09,-0.0660509375874615,1.7,10.9
600519,2020-10,0.00091099790230742,0.5,10.5
600519,2020-11,0.02628112238176805,-0.5,10.7
600519,2020-12,0.16575549474593165,0.2,10.1
600519,2021-01,0.05914914914914915,-0.3,9.4
600519,2021-02,0.0031188273209274975,-0.2,10.1
600519,2021-03,-0.05359952515098132,0.4,9.4
600519,2021-04,-0.0011050273768044017,0.9,8.1
600519,2021-05,0.1052531916802042,1.3,8.3
600519,2021-06,-0.07272317403065831,1.1,8.6
600519,2021-07,-0.18364856323236245,1.0,8.3
600519,2021-08,-0.07206117963775838,0.8,8.2
600519,2021-09,0.1745827984595636,0.7,8.3
600519,2021-10,-0.0021420765027322375,1.5,8.7
600519,2021-11,0.05733045649697721,2.3,8.5
600519,2021-12,0.06175256503881865,1.5,9.0
600519,2022-01,-0.07951219512195118,0.9,9.8
600519,2022-02,-0.05119236883942757,0.9,9.2
600519,2022-03,-0.03987935656836461,1.5,9.7
600519,2022-04,0.06363001745200703,2.1,10.5
600519,2022-05,-0.013317800457235407,2.1,11.1
600519,2022-06,0.13357316674334685,2.5,11.4
600519,2022-07,-0.07166748166259163,2.7,12.0
600519,2022-08,0.01346368597374692,2.5,12.2
600519,2022-09,-0.02676715176715172,2.8,12.1
600519,2022-10,-0.27903871829105475,2.1,11.8
600519,2022-11,0.1844444444444444,1.6,12.4
600519,2022-12,0.08005003126954358,1.8,11.8
600519,2023-01,0.06876664736537341,2.1,12.6
600519,2023-02,-0.017347867545076223,1.0,12.9
600519,2023-03,0.0034514318480045603,0.7,12.7
600519,2023-04,-0.03268131868131874,0.1,12.4
600519,2023-05,-0.07476200213573259,0.2,11.6
600519,2023-06,0.03812388728589844,0.0,11.3
600519,2023-07,0.11211117681845062,-0.3,10.7
600519,2023-08,-0.017856193302066337,0.1,10.6
600519,2023-09,-0.026231727125067716,0.0,10.3
600519,2023-10,-0.0633677128798199,-0.2,10.3
600519,2023-11,0.06346982630685405,-0.5,10.0
600519,2023-12,-0.036561540608428644,-0.3,9.7
600519,2024-01,-0.07015643105446112,-0.8,8.7
600519,2024-02,0.056133988821803094,0.7,8.7
600519,2024-03,0.004660766961652074,0.1,8.3
600519,2024-04,0.001233190439837939,0.3,7.2
600519,2024-05,-0.03316715542521986,0.3,7.0
600519,2024-06,-0.10983651308805242,0.2,6.2
600519,2024-07,-0.03142313904279037,0.5,6.3
600519,2024-08,0.01541568163908602,0.6,6.3
600519,2024-09,0.2112057317470326,0.4,6.8
600519,2024-10,-0.1259782608695652,0.3,7.5
600519,2024-11,-0.0013418074473585673,0.2,7.1
600519,2024-12,-0.0011404302174682357,0.1,7.3
600519,2025-01,-0.0584055118110236,0.5,7.0
600519,2025-02,0.045853978076502155,-0.7,7.0
600519,2025-03,0.04011887072808329,-0.1,7.0
600519,2025-04,-0.008968609865470878,-0.1,8.0
600519,2025-05,-0.01616031027795739,-0.1,7.9
600519,2025-06,-0.07390275952693826,0.1,8.3
600519,2025-07,0.008619955729610052,0.0,8.8
600519,2025-08,0.041029212123769865,-0.4,8.8
600519,2025-09,-0.024331081081081063,-0.3,8.4
600519,2025-10,-0.00968150748966412,0.2,8.2
600519,2025-11,0.014328571128873202,0.7,8.0
600519,2025-12,-0.05054808686659773,0.8,8.5
600519,2026-01,0.01729621400252679,0.2,9.0
600519,2026-02,0.03855817273376161,1.3,9.0
600519,2026-03,-0.0034501243969154993,1.0,8.5
600519,2026-04,-0.04497241379310346,1.2,8.6
601166,2008-01,-0.2290782876976476,7.0781,18.88
601166,2008-02,0.10680340170085056,8.7443,17.39
601166,2008-03,-0.167909604519774,8.3097,16.19
601166,2008-04,0.10727865290602945,8.4829,16.94
601166,2008-05,-0.1537895511405446,7.7163,18.07
601166,2008-06,-0.2617391304347827,7.0844,17.37
601166,2008-07,-0.014526894385551548,6.302,16.35
601166,2008-08,-0.11992031872509967,4.9001,16.0
601166,2008-09,-0.2562245359891354,4.6425,15.29
601166,2008-10,-0.24710894704808284,3.9744,15.02
601166,2008-11,0.08973322554567509,2.434,14.8
601166,2008-12,0.08308605341246289,1.1999,17.82
601166,2009-01,0.2794520547945205,0.95,18.79
601166,2009-02,-0.011241970021413361,-1.5582,20.48
601166,2009-03,0.24417975094748257,-1.1714,25.51
601166,2009-04,0.057006092254134,-1.5,25.95
601166,2009-05,0.17085220255249078,-1.3713,25.74
601166,2009-06,0.3048523206751055,-1.7,28.46
601166,2009-07,0.15790891942872531,-1.8057,28.42
601166,2009-08,-0.3511752385385153,-1.2043,28.53
601166,2009-09,0.21197991391678617,-0.7883,29.31
601166,2009-10,0.10328499556081683,-0.53,29.42
601166,2009-11,0.030579399141630992,0.56,29.74
601166,2009-12,0.04919312857886515,1.8559,27.68
601166,2010-01,-0.20218308112131,1.53,25.98
601166,2010-02,0.07866915422885579,2.6953,25.52
601166,2010-03,0.06428365523205537,2.3707,22.5
601166,2010-04,-0.1909534127843987,2.8136,21.48
601166,2010-05,-0.06059591563441591,3.0613,21.0
601166,2010-06,-0.17925873129009262,2.9499,18.5
601166,2010-07,0.16891011723838467,3.3042,17.6
601166,2010-08,-0.04717682020802394,3.4794,19.2
601166,2010-09,-0.09863547758284597,3.6056,19.0
601166,2010-10,0.17474048442906565,4.3655,19.3
601166,2010-11,-0.11524300441826207,5.1192,19.5
601166,2010-12,0.0008322929671245038,4.5859,19.7
601166,2011-01,0.08108108108108114,4.9121,17.2
601166,2011-02,0.0038461538461538325,4.9443,15.7
601166,2011-03,0.09999999999999987,5.383,16.6
601166,2011-04,0.01706722396377569,5.3442,15.3
601166,2011-05,-0.5140410958904109,5.5146,15.1
601166,2011-06,-0.05003523608174765,6.3553,15.9
601166,2011-07,-0.008902077151335397,6.4508,14.7
601166,2011-08,-0.002245508982035904,6.1514,13.5
601166,2011-09,-0.07051762940735185,6.0671,13.04
601166,2011-10,0.07344632768361592,5.4954,12.9
601166,2011-11,-0.08345864661654145,4.2246,12.7
601166,2011-12,0.027071369975389725,4.0704,13.6
601166,2012-01,0.10702875399361012,4.5485,12.4
601166,2012-02,0.032467532467532534,3.1613,13.0
601166,2012-03,-0.0691823899371069,3.5856,13.4
601166,2012-04,0.07432432432432434,3.3653,12.8
601166,2012-05,-0.06848357791754023,3.0008,13.2
601166,2012-06,-0.026256564141035277,2.1504,13.6
601166,2012-07,-0.03852080123266566,1.8,13.9
601166,2012-08,-0.013621794871794823,2.0,13.5
601166,2012-09,-0.024370430544273014,1.9,14.8
601166,2012-10,0.032472939217318864,1.7,14.1
601166,2012-11,0.020967741935483897,2.0,13.9
601166,2012-12,0.3183254344391786,2.5,13.8
601166,2013-01,0.1935290593169563,2.0,15.9
601166,2013-02,-0.0025100401606426015,3.2,15.2
601166,2013-03,-0.1293407146451938,2.1,15.7
601166,2013-04,0.04971098265895946,2.4,16.1
601166,2013-05,0.020925110132158586,2.0981,15.8
601166,2013-06,-0.20334412081984898,2.7,14.0
601166,2013-07,-0.38659444820582256,2.7,14.5
601166,2013-08,0.17218543046357593,2.6,14.7
601166,2013-09,0.05178907721280601,3.1,14.2
601166,2013-10,0.05282005371530896,3.2,14.3
601166,2013-11,-0.09013605442176875,3.0,14.2
601166,2013-12,-0.05233644859813069,2.49871692,13.6
601166,2014-01,-0.07790927021696259,2.5,13.2
601166,2014-02,-0.024598930481283476,2.0,13.3
601166,2014-03,0.043859649122807154,2.4,12.1
601166,2014-04,0.06827731092436973,1.80138144,13.2
601166,2014-05,-0.03343166175024581,2.5,13.4
601166,2014-06,0.020345879959308144,2.3,14.7
601166,2014-07,0.10368893320039896,2.3,13.5
601166,2014-08,-0.0677506775067751,2.0,12.8
601166,2014-09,-0.009689922480620172,1.6,12.9
601166,2014-10,0.06262230919765144,1.60114868,12.6
601166,2014-11,0.11786372007366497,1.4,12.3
601166,2014-12,0.359143327841845,1.5,12.2
601166,2015-01,-0.12303030303030305,0.8,10.8
601166,2015-02,-0.015894955079474804,1.4,12.5
601166,2015-03,0.2893258426966292,1.4,11.6
601166,2015-04,0.05718954248366015,1.5,10.1
601166,2015-05,-0.07315816589386925,1.2,10.8
601166,2015-06,-0.041133963312951605,1.4,11.8
601166,2015-07,-0.09913043478260875,1.6,13.3
601166,2015-08,-0.061776061776061764,2.0,13.3
601166,2015-09,-0.00137174211248281,1.59560463,13.1
601166,2015-10,0.04876373626373609,1.3,13.5
601166,2015-11,0.024885396201702825,1.5,13.7
601166,2015-12,0.0907348242811501,1.6,13.3
601166,2016-01,-0.15289982425307558,1.8,14.0
601166,2016-02,-0.019363762102351356,2.3,13.3
601166,2016-03,0.0952045133991537,2.3,13.4
601166,2016-04,0.03799098518995514,2.3,12.8
601166,2016-05,0.004962779156327368,2.0,11.8
601166,2016-06,-0.059259259259259234,1.9,11.8
601166,2016-07,0.014435695538057791,1.8,10.2
601166,2016-08,0.03945666235446299,1.3,11.4
601166,2016-09,-0.0062227753578095735,1.9,11.5
601166,2016-10,0.02128991859736984,2.1,11.6
601166,2016-11,0.032495401594114126,2.3,11.4
601166,2016-12,-0.041567695961995166,2.1,11.3
601166,2017-01,0.05762081784386619,2.5,10.7032
601166,2017-02,-0.018746338605741042,0.8,10.45
601166,2017-03,-0.032238805970149165,0.9,10.1178
601166,2017-04,-0.046267735965453416,1.2,9.8426
601166,2017-05,0.07050452781371286,1.5,9.1289
601166,2017-06,0.018731117824773325,1.5,9.1013
601166,2017-07,0.05338078291814963,1.4,8.89
601166,2017-08,-0.006193693693693825,1.8,8.5633
601166,2017-09,-0.02039660056657222,1.6,8.976
601166,2017-10,0.008675534991324563,1.9,8.8771
601166,2017-11,0.0028669724770640226,1.7,9.1148
601166,2017-12,-0.028587764436821095,1.8,8.0654
601166,2018-01,0.09947027663331376,1.5,8.6
601166,2018-02,-0.043897216274089934,2.9,8.8
601166,2018-03,-0.06550951847704356,2.1,8.2
601166,2018-04,-0.034751348112642355,1.8,8.3
601166,2018-05,-0.011173184357541888,1.8,8.3
601166,2018-06,-0.096045197740113,1.9,8.0
601166,2018-07,0.07291666666666652,2.1,8.5
601166,2018-08,-0.023948220064724857,2.3,8.2
601166,2018-09,0.05769230769230771,2.5,8.3
601166,2018-10,0.01065830721003147,2.5,8.0
601166,2018-11,-0.011166253101737023,2.2,8.0
601166,2018-12,-0.06273525721455453,1.9,8.1
601166,2019-01,0.09772423025435062,1.7,8.4
601166,2019-02,0.08902439024390252,1.5,8.0
601166,2019-03,0.017357222844345044,2.3,8.6
601166,2019-04,0.09631260319207491,2.5,8.5
601166,2019-05,-0.11797188755020083,2.7,8.5
601166,2019-06,0.04097894137734759,2.7,8.5
601166,2019-07,0.0459267359212685,2.8,8.1
601166,2019-08,-0.10245687401986392,2.8,8.2
601166,2019-09,0.020966802562609077,3.0,8.4
601166,2019-10,0.0678836280661721,3.8,8.4
601166,2019-11,0.009081196581196771,4.5,8.2
601166,2019-12,0.04817363684489151,4.5,8.7
601166,2020-01,-0.061111111111111116,5.4,8.4
601166,2020-02,-0.06993006993007,5.2,8.8
601166,2020-03,-0.07981492192018502,4.3,10.1
601166,2020-04,0.044626021370207436,3.3,11.1
601166,2020-05,-0.03128760529482544,2.4,11.1
601166,2020-06,-0.0198757763975157,2.5,11.1
601166,2020-07,-0.0076045627376425395,2.7,10.7
601166,2020-08,0.03192848020434225,2.4,10.4
601166,2020-09,-0.0018564356435644136,1.7,10.9
601166,2020-10,0.10353378797272184,0.5,10.5
601166,2020-11,0.1808988764044943,-0.5,10.7
601166,2020-12,-0.007136060894386231,0.2,10.1
601166,2021-01,0.10685194058457115,-0.3,9.4
601166,2021-02,0.06839826839826824,-0.2,10.1
601166,2021-03,-0.023905996758508907,0.4,9.4
601166,2021-04,-0.09755085097550853,0.9,8.1
601166,2021-05,0.06301747930082802,1.3,8.3
601166,2021-06,-0.11077455646906098,1.1,8.6
601166,2021-07,-0.14014598540145984,1.0,8.3
601166,2021-08,0.046972269383135146,0.8,8.2
601166,2021-09,-0.010810810810810811,0.7,8.3
601166,2021-10,0.0180327868852459,1.5,8.7
601166,2021-11,-0.03327965646806208,2.3,8.5
601166,2021-12,0.05719044975013876,1.5,9.0
601166,2022-01,0.09663865546218497,0.9,9.8
601166,2022-02,0.05699233716475094,0.9,9.2
601166,2022-03,-0.06343452650656989,1.5,9.7
601166,2022-04,-0.009192065795839421,2.1,10.5
601166,2022-05,-0.04052734375000011,2.1,11.1
601166,2022-06,0.012722646310432628,2.5,11.4
601166,2022-07,-0.10703517587939693,2.7,12.0
601166,2022-08,-0.03714124929656726,2.5,12.2
601166,2022-09,-0.02688486265341905,2.8,12.1
601166,2022-10,-0.0972972972972973,2.1,11.8
601166,2022-11,0.17764471057884235,1.6,12.4
601166,2022-12,-0.006214689265536699,1.8,11.8
601166,2023-01,0.0017055144968733948,2.1,12.6
601166,2023-02,-0.040295119182746975,1.0,12.9
601166,2023-03,-0.0011827321111768097,0.7,12.7
601166,2023-04,0.019538188277086865,0.1,12.4
601166,2023-05,-0.0383275261324042,0.2,11.6
601166,2023-06,-0.05495169082125595,0.0,11.3
601166,2023-07,0.06453674121405739,-0.3,10.7
601166,2023-08,-0.05102040816326525,0.1,10.6
601166,2023-09,0.030360531309297834,0.0,10.3
601166,2023-10,-0.07427869858809077,-0.2,10.3
601166,2023-11,-0.03183023872679047,-0.5,10.0
601166,2023-12,0.11027397260273974,-0.3,9.7
601166,2024-01,-0.029611351017890253,-0.8,8.7
601166,2024-02,0.058486967577876525,0.7,8.7
601166,2024-03,-0.05225225225225216,0.1,8.3
601166,2024-04,0.06780735107731317,0.3,7.2
601166,2024-05,0.06172106824925816,0.3,7.0
601166,2024-06,-0.015092230296254838,0.2,6.2
601166,2024-07,-0.04937570942111247,0.5,6.3
601166,2024-08,-0.014328358208955172,0.6,6.3
601166,2024-09,0.1671714112658993,0.4,6.8
601166,2024-10,-0.051375194603009766,0.3,7.5
601166,2024-11,-0.012582056892779026,0.2,7.1
601166,2024-12,0.061495844875346206,0.1,7.3
601166,2025-01,0.0600208768267223,0.5,7.0
601166,2025-02,0.021664204825209366,-0.7,7.0
601166,2025-03,0.0409638554216869,-0.1,7.0
601166,2025-04,-0.033796296296296324,-0.1,8.0
601166,2025-05,0.08481073310972675,-0.1,7.9
601166,2025-06,0.030918727915194344,0.1,8.3
601166,2025-07,-0.02999143101970858,0.0,8.8
601166,2025-08,-0.010159010600706786,-0.4,8.8
601166,2025-09,-0.11423471664435514,-0.3,8.4
601166,2025-10,0.019143576826196496,0.2,8.2
601166,2025-11,0.04349975284231333,0.7,8.0
601166,2025-12,-0.002368545712932324,0.8,8.5
601166,2026-01,-0.11206077872744535,0.2,9.0
601166,2026-02,-0.02085561497326205,1.3,9.0
601166,2026-03,0.027853631895139452,1.0,8.5
601166,2026-04,-0.0472901168969182,1.2,8.6
601288,2010-08,-0.03584229390681004,3.4794,19.2
601288,2010-09,-0.029739776951672847,3.6056,19.0
601288,2010-10,0.05747126436781613,4.3655,19.3
601288,2010-11,-0.05434782608695654,5.1192,19.5
601288,2010-12,0.026819923371647514,4.5859,19.7
601288,2011-01,-0.022388059701492602,4.9121,17.2
601288,2011-02,-0.003816793893129833,4.9443,15.7
601288,2011-03,0.05747126436781613,5.383,16.6
601288,2011-04,0.0652173913043479,5.3442,15.3
601288,2011-05,-0.03401360544217691,5.5146,15.1
601288,2011-06,-0.014084507042253502,6.3553,15.9
601288,2011-07,-0.042857142857142705,6.4508,14.7
601288,2011-08,-0.026119402985074758,6.1514,13.5
601288,2011-09,-0.05747126436781602,6.0671,13.04
601288,2011-10,0.08943089430894324,5.4954,12.9
601288,2011-11,-0.052238805970149294,4.2246,12.7
601288,2011-12,0.03149606299212593,4.0704,13.6
601288,2012-01,0.03053435114503822,4.5485,12.4
601288,2012-02,0.01851851851851838,3.1613,13.0
601288,2012-03,-0.025454545454545396,3.5856,13.4
601288,2012-04,0.014925373134328401,3.3653,12.8
601288,2012-05,-0.02941176470588236,3.0008,13.2
601288,2012-06,-0.018939393939394034,2.1504,13.6
601288,2012-07,-0.027027027027026973,1.8,13.9
601288,2012-08,-0.015873015873015928,2.0,13.5
601288,2012-09,-0.008064516129032251,1.9,14.8
601288,2012-10,0.016260162601626105,1.7,14.1
601288,2012-11,0.040000000000000036,2.0,13.9
601288,2012-12,0.07692307692307687,2.5,13.8
601288,2013-01,0.10000000000000009,2.0,15.9
601288,2013-02,-0.025974025974025983,3.2,15.2
601288,2013-03,-0.09999999999999998,2.1,15.7
601288,2013-04,-0.0037037037037037646,2.4,16.1
601288,2013-05,0.014869888475836479,2.0981,15.8
601288,2013-06,-0.09890109890109888,2.7,14.0
601288,2013-07,-0.004065040650406471,2.7,14.5
601288,2013-08,0.008163265306122547,2.6,14.7
601288,2013-09,0.012145748987854255,3.1,14.2
601288,2013-10,0.020000000000000018,3.2,14.3
601288,2013-11,0.027450980392156987,3.0,14.2
601288,2013-12,-0.05343511450381688,2.49871692,13.6
601288,2014-01,-0.040322580645161366,2.5,13.2
601288,2014-02,-0.021008403361344463,2.0,13.3
601288,2014-03,0.03862660944205998,2.4,12.1
601288,2014-04,0.0,1.80138144,13.2
601288,2014-05,0.02892561983471076,2.5,13.4
601288,2014-06,0.012048192771084265,2.3,14.7
601288,2014-07,0.0,2.3,13.5
601288,2014-08,-0.0357142857142857,2.0,12.8
601288,2014-09,0.024691358024691468,1.6,12.9
601288,2014-10,0.028112449799196693,1.60114868,12.6
601288,2014-11,0.11328125,1.4,12.3
601288,2014-12,0.30175438596491233,1.5,12.2
601288,2015-01,-0.06738544474393526,0.8,10.8
601288,2015-02,-0.034682080924855474,1.4,12.5
601288,2015-03,0.0988023952095809,1.4,11.6
601288,2015-04,0.07901907356948223,1.5,10.1
601288,2015-05,-0.08080808080808077,1.2,10.8
601288,2015-06,0.019230769230769162,1.4,11.8
601288,2015-07,-0.07277628032345018,1.6,13.3
601288,2015-08,-0.130813953488372,2.0,13.3
601288,2015-09,0.013377926421404451,1.59560463,13.1
601288,2015-10,0.03630363036303641,1.3,13.5
601288,2015-11,0.0031847133757960666,1.5,13.7
601288,2015-12,0.02539682539682553,1.6,13.3
601288,2016-01,-0.07430340557275539,1.8,14.0
601288,2016-02,0.0,2.3,13.3
601288,2016-03,0.07023411371237454,2.3,13.4
601288,2016-04,-0.025000000000000022,2.3,12.8
601288,2016-05,0.022435897435897356,2.0,11.8
601288,2016-06,0.0031347962382446415,1.9,11.8
601288,2016-07,-0.028125000000000067,1.8,10.2
601288,2016-08,0.032154340836012985,1.3,11.4
601288,2016-09,-0.024922118380062308,1.9,11.5
601288,2016-10,0.009584664536741228,2.1,11.6
601288,2016-11,0.015822784810126445,2.3,11.4
601288,2016-12,-0.034267912772585674,2.1,11.3
601288,2017-01,0.03548387096774186,2.5,10.7032
601288,2017-02,0.012461059190031154,0.8,10.45
601288,2017-03,0.027692307692307683,0.9,10.1178
601288,2017-04,0.011976047904191711,1.2,9.8426
601288,2017-05,0.047337278106508895,1.5,9.1289
601288,2017-06,-0.005649717514124353,1.5,9.1013
601288,2017-07,0.05397727272727271,1.4,8.89
601288,2017-08,0.016172506738544534,1.8,8.5633
601288,2017-09,0.013262599469495928,1.6,8.976
601288,2017-10,-0.020942408376963262,1.9,8.8771
601288,2017-11,0.0,1.7,9.1148
601288,2017-12,0.024064171122994527,1.8,8.0654
601288,2018-01,0.164490861618799,1.5,8.6
601288,2018-02,-0.07399103139013452,2.9,8.8
601288,2018-03,-0.0532687651331718,2.1,8.2
601288,2018-04,-0.025575447570332477,1.8,8.3
601288,2018-05,-0.057742782152231054,1.8,8.3
601288,2018-06,-0.04178272980501385,1.9,8.0
601288,2018-07,0.058139534883721034,2.1,8.5
601288,2018-08,-0.0027472527472528485,2.3,8.2
601288,2018-09,0.07162534435261714,2.5,8.3
601288,2018-10,-0.005141388174807249,2.5,8.0
601288,2018-11,-0.07751937984496127,2.2,8.0
601288,2018-12,0.008403361344537785,1.9,8.1
601288,2019-01,0.03333333333333344,1.7,8.4
601288,2019-02,0.021505376344086002,1.5,8.0
601288,2019-03,-0.018421052631578894,2.3,8.6
601288,2019-04,0.008042895442359255,2.5,8.5
601288,2019-05,-0.02127659574468077,2.7,8.5
601288,2019-06,-0.021739130434782594,2.7,8.5
601288,2019-07,0.0,2.8,8.1
601288,2019-08,-0.05555555555555558,2.8,8.2
601288,2019-09,0.01764705882352935,3.0,8.4
601288,2019-10,0.052023121387283267,3.8,8.4
601288,2019-11,-0.005494505494505475,4.5,8.2
601288,2019-12,0.01933701657458564,4.5,8.7
601288,2020-01,-0.046070460704607075,5.4,8.4
601288,2020-02,-0.03125,5.2,8.8
601288,2020-03,-0.011730205278592365,4.3,10.1
601288,2020-04,0.026706231454005858,3.3,11.1
601288,2020-05,-0.017341040462427793,2.4,11.1
601288,2020-06,-0.00588235294117645,2.5,11.1
601288,2020-07,-0.044378698224852076,2.7,10.7
601288,2020-08,-0.006191950464396245,2.4,10.4
601288,2020-09,-0.012461059190031154,1.7,10.9
601288,2020-10,-0.006309148264984188,0.5,10.5
601288,2020-11,0.04444444444444451,-0.5,10.7
601288,2020-12,-0.045592705167173175,0.2,10.1
601288,2021-01,0.0031847133757960666,-0.3,9.4
601288,2021-02,0.0349206349206348,-0.2,10.1
601288,2021-03,0.042944785276073594,0.4,9.4
601288,2021-04,-0.05882352941176461,0.9,8.1
601288,2021-05,0.018749999999999822,1.3,8.3
601288,2021-06,-0.07055214723926384,1.1,8.6
601288,2021-07,-0.03300330033003285,1.0,8.3
601288,2021-08,0.010238907849829282,0.8,8.2
601288,2021-09,-0.006756756756756799,0.7,8.3
601288,2021-10,0.0,1.5,8.7
601288,2021-11,-0.010204081632652962,2.3,8.5
601288,2021-12,0.010309278350515427,1.5,9.0
601288,2022-01,0.006802721088435382,0.9,9.8
601288,2022-02,0.006756756756756799,0.9,9.2
601288,2022-03,0.033557046979865834,1.5,9.7
601288,2022-04,-0.006493506493506551,2.1,10.5
601288,2022-05,-0.009803921568627527,2.1,11.1
601288,2022-06,-0.0033003300330032292,2.5,11.4
601288,2022-07,-0.056291390728476776,2.7,12.0
601288,2022-08,0.0,2.5,12.2
601288,2022-09,0.0035087719298245723,2.8,12.1
601288,2022-10,-0.034965034965035,2.1,11.8
601288,2022-11,0.04347826086956519,1.6,12.4
601288,2022-12,0.01041666666666674,1.8,11.8
601288,2023-01,0.0,2.1,12.6
601288,2023-02,0.0068728522336769515,1.0,12.9
601288,2023-03,0.06143344709897591,0.7,12.7
601288,2023-04,0.09967845659163999,0.1,12.4
601288,2023-05,0.029239766081871288,0.2,11.6
601288,2023-06,0.0028409090909089496,0.0,11.3
601288,2023-07,0.025495750708215414,-0.3,10.7
601288,2023-08,-0.04419889502762431,0.1,10.6
601288,2023-09,0.040462427745664886,0.0,10.3
601288,2023-10,-0.002777777777777879,-0.2,10.3
601288,2023-11,0.019498607242339983,-0.5,10.0
601288,2023-12,-0.005464480874316946,-0.3,9.7
601288,2024-01,0.06868131868131866,-0.8,8.7
601288,2024-02,0.07712082262210807,0.7,8.7
601288,2024-03,0.009546539379474916,0.1,8.3
601288,2024-04,0.04018912529550822,0.3,7.2
601288,2024-05,-0.002272727272727426,0.3,7.0
601288,2024-06,-0.006833712984054552,0.2,6.2
601288,2024-07,0.05275229357798161,0.5,6.3
601288,2024-08,-0.015250544662309462,0.6,6.3
601288,2024-09,0.06194690265486735,0.4,6.8
601288,2024-10,-0.01458333333333317,0.3,7.5
601288,2024-11,0.01691331923890038,0.2,7.1
601288,2024-12,0.11018711018711014,0.1,7.3
601288,2025-01,-0.0337078651685393,0.5,7.0
601288,2025-02,-0.005813953488372103,-0.7,7.0
601288,2025-03,0.00974658869395717,-0.1,7.0
601288,2025-04,0.04633204633204646,-0.1,8.0
601288,2025-05,0.02029520295202958,-0.1,7.9
601288,2025-06,0.06329113924050622,0.1,8.3
601288,2025-07,0.0714285714285714,0.0,8.8
601288,2025-08,0.11428571428571432,-0.4,8.8
601288,2025-09,-0.049857549857549865,-0.3,8.4
601288,2025-10,0.1934032983508247,0.2,8.2
601288,2025-11,0.010050251256281229,0.7,8.0
601288,2025-12,-0.04477611940298498,0.8,8.5
601288,2026-01,-0.125,0.2,9.0
601288,2026-02,-0.04761904761904756,1.3,9.0
601288,2026-03,0.046875,1.0,8.5
601288,2026-04,0.032835820895522394,1.2,8.6
603319,2016-12,2.7516600265604247,2.1,11.3
603319,2017-01,-0.0814159292035398,2.5,10.7032
603319,2017-02,-0.05356454720616577,0.8,10.45
603319,2017-03,0.02178338762214982,0.9,10.1178
603319,2017-04,-0.17075114564654315,1.2,9.8426
603319,2017-05,-0.10908217203267656,1.5,9.1289
603319,2017-06,0.15291262135922334,1.5,9.1013
603319,2017-07,-0.12444444444444447,1.4,8.89
603319,2017-08,0.021640395404755708,1.8,8.5633
603319,2017-09,0.02039748953974896,1.6,8.976
603319,2017-10,0.061506919528447,1.9,8.8771
603319,2017-11,-0.25615644616127475,1.7,9.1148
603319,2017-12,-0.0340798442064264,1.8,8.0654
603319,2018-01,0.027217741935483764,1.5,8.6
603319,2018-02,-0.028132155708210593,2.9,8.8
603319,2018-03,0.01279030629417699,2.1,8.2
603319,2018-04,-0.07145230973745431,1.8,8.3
603319,2018-05,0.0017895490336434783,1.8,8.3
603319,2018-06,-0.09824937477670592,1.9,8.0
603319,2018-07,-0.008320126782884185,2.1,8.5
603319,2018-08,-0.059129045145825065,2.3,8.2
603319,2018-09,-0.033545647558386404,2.5,8.3
603319,2018-10,-0.018014059753954315,2.5,8.0
603319,2018-11,-0.0724832214765101,2.2,8.0
603319,2018-12,-0.023637240713941243,1.9,8.1
603319,2019-01,-0.006916996047430679,1.7,8.4
603319,2019-02,0.1557213930348258,1.5,8.0
603319,2019-03,0.02367628067154537,2.3,8.6
603319,2019-04,-0.267031118587048,2.5,8.5
603319,2019-05,-0.008605851979345824,2.7,8.5
603319,2019-06,0.004629629629629539,2.7,8.5
603319,2019-07,-0.032258064516129004,2.8,8.1
603319,2019-08,-0.061309523809523925,2.8,8.2
603319,2019-09,0.058972733037412794,3.0,8.4
603319,2019-10,0.0077844311377244235,3.8,8.4
603319,2019-11,-0.030303030303030165,4.5,8.2
603319,2019-12,0.09681372549019596,4.5,8.7
603319,2020-01,0.03128491620111751,5.4,8.4
603319,2020-02,0.018959913326110467,5.2,8.8
603319,2020-03,0.026049973418394545,4.3,10.1
603319,2020-04,0.008290155440414448,3.3,11.1
603319,2020-05,0.11356628982528272,2.4,11.1
603319,2020-06,0.030918320258421783,2.5,11.1
603319,2020-07,-0.0143240823634736,2.7,10.7
603319,2020-08,0.7184377838328795,2.4,10.4
603319,2020-09,0.005549682875264139,1.7,10.9
603319,2020-10,-0.06649145860709582,0.5,10.5
603319,2020-11,0.2688626126126126,-0.5,10.7
603319,2020-12,-0.12491679609496342,0.2,10.1
603319,2021-01,-0.08012170385395534,-0.3,9.4
603319,2021-02,-0.11245865490628437,-0.2,10.1
603319,2021-03,-0.0031055900621118626,0.4,9.4
603319,2021-04,-0.009657320872274222,0.9,8.1
603319,2021-05,0.06888958792072963,1.3,8.3
603319,2021-06,-0.2245438493231311,1.1,8.6
603319,2021-07,-0.13851992409867175,1.0,8.3
603319,2021-08,-0.11541850220264327,0.8,8.2
603319,2021-09,-0.057270916334661304,0.7,8.3
603319,2021-10,0.016904384574749187,1.5,8.7
603319,2021-11,0.6259740259740261,2.3,8.5
603319,2021-12,-0.17827476038338663,1.5,9.0
603319,2022-01,-0.16329704510108867,0.9,9.8
603319,2022-02,0.0,0.9,9.2
603319,2022-03,-0.14776951672862448,1.5,9.7
603319,2022-04,-0.12486368593238817,2.1,10.5
603319,2022-05,0.11588785046728978,2.1,11.1
603319,2022-06,0.058626465661641536,2.5,11.4
603319,2022-07,0.06434599156118148,2.7,12.0
603319,2022-08,-0.17641228939544096,2.5,12.2
603319,2022-09,-0.11672683513838755,2.8,12.1
603319,2022-10,0.13419618528610355,2.1,11.8
603319,2022-11,0.011411411411411443,1.6,12.4
603319,2022-12,-0.11342042755344417,1.8,11.8
603319,2023-01,0.10515740120562622,2.1,12.6
603319,2023-02,0.07212121212121225,1.0,12.9
603319,2023-03,-0.10175240248728101,0.7,12.7
603319,2023-04,-0.05538074260541226,0.1,12.4
603319,2023-05,-0.0159893404397069,0.2,11.6
603319,2023-06,0.1462423832092079,0.0,11.3
603319,2023-07,0.02539870053160076,-0.3,10.7
603319,2023-08,-0.03686635944700467,0.1,10.6
603319,2023-09,0.0005980861244019309,0.0,10.3
603319,2023-10,0.013747758517633102,-0.2,10.3
603319,2023-11,0.11910377358490565,-0.5,10.0
603319,2023-12,-0.07586933614330882,-0.3,9.7
603319,2024-01,-0.209236031927024,-0.8,8.7
603319,2024-02,0.06488824801730364,0.7,8.7
603319,2024-03,0.20853080568720395,0.1,8.3
603319,2024-04,-0.03249299719887966,0.3,7.2
603319,2024-05,0.06311522872032427,0.3,7.0
603319,2024-06,-0.12908496732026142,0.2,6.2
603319,2024-07,-0.03252032520325199,0.5,6.3
603319,2024-08,-0.02714932126696834,0.6,6.3
603319,2024-09,0.18272425249169433,0.4,6.8
603319,2024-10,0.2398876404494381,0.3,7.5
603319,2024-11,0.19574082464884457,0.2,7.1
603319,2024-12,-0.2535051155740812,0.1,7.3
603319,2025-01,0.22791878172588853,0.5,7.0
603319,2025-02,0.6295990078544853,-0.7,7.0
603319,2025-03,-0.18214104515474372,-0.1,7.0
603319,2025-04,0.19075682382133996,-0.1,8.0
603319,2025-05,-0.1143526960145872,-0.1,7.9
603319,2025-06,0.041764705882352926,0.1,8.3
603319,2025-07,-0.2588932806324111,0.0,8.8
603319,2025-08,0.4300952380952381,-0.4,8.8
603319,2025-09,0.18593500266382534,-0.3,8.4
603319,2025-10,-0.18036837376460024,0.2,8.2
603319,2025-11,0.006577144423129511,0.7,8.0
603319,2025-12,-0.004083855159270344,0.8,8.5
603319,2026-01,0.02952433023510115,0.2,9.0
603319,2026-02,-0.0015932023366966863,1.3,9.0
603319,2026-03,-0.19547872340425532,1.0,8.5
603319,2026-04,0.26314049586776855,1.2,8.6
603685,2017-12,-0.12819241259608238,1.8,8.0654
603685,2018-01,-0.06399317406143346,1.5,8.6
603685,2018-02,-0.11455484655120018,2.9,8.8
603685,2018-03,0.037062457103637536,2.1,8.2
603685,2018-04,-0.0771012574454003,1.8,8.3
603685,2018-05,-0.20724273933309434,1.8,8.3
603685,2018-06,-0.14744459520578912,1.9,8.0
603685,2018-07,-0.011140583554376748,2.1,8.5
603685,2018-08,-0.1754291845493563,2.3,8.2
603685,2018-09,0.002602472348731455,2.5,8.3
603685,2018-10,0.0,2.5,8.0
603685,2018-11,-0.037637897469175896,2.2,8.0
603685,2018-12,-0.035064059339177334,1.9,8.1
603685,2019-01,-0.06429070580013974,1.7,8.4
603685,2019-02,0.157580283793876,1.5,8.0
603685,2019-03,0.12709677419354826,2.3,8.6
603685,2019-04,0.008586147681740153,2.5,8.5
603685,2019-05,-0.2814982973893303,2.7,8.5
603685,2019-06,-0.03159557661927337,2.7,8.5
603685,2019-07,-0.01631321370309946,2.8,8.1
603685,2019-08,-0.010779436152570598,2.8,8.2
603685,2019-09,0.019279128248113953,3.0,8.4
603685,2019-10,-0.016447368421052544,3.8,8.4
603685,2019-11,-0.009197324414715768,4.5,8.2
603685,2019-12,0.11729957805907176,4.5,8.7
603685,2020-01,-0.0664652567975832,5.4,8.4
603685,2020-02,-0.02588996763754048,5.2,8.8
603685,2020-03,0.02574750830564798,4.3,10.1
603685,2020-04,0.042105263157894646,3.3,11.1
603685,2020-05,0.10178710178710193,2.4,11.1
603685,2020-06,0.16995768688293378,2.5,11.1
603685,2020-07,-0.06931886678722121,2.7,10.7
603685,2020-08,-0.03562176165803099,2.4,10.4
603685,2020-09,-0.10946944257891211,1.7,10.9
603685,2020-10,-0.10256410256410253,0.5,10.5
603685,2020-11,0.07647058823529407,-0.5,10.7
603685,2020-12,-0.13661202185792354,0.2,10.1
603685,2021-01,-0.08227848101265822,-0.3,9.4
603685,2021-02,-0.02266009852216755,-0.2,10.1
603685,2021-03,0.02318548387096775,0.4,9.4
603685,2021-04,0.1408866995073892,0.9,8.1
603685,2021-05,0.01899827288428324,1.3,8.3
603685,2021-06,0.03474576271186436,1.1,8.6
603685,2021-07,0.0884520884520883,1.0,8.3
603685,2021-08,-0.005267118133935211,0.8,8.2
603685,2021-09,-0.09379727685325268,0.7,8.3
603685,2021-10,-0.08263772954924875,1.5,8.7
603685,2021-11,0.11737943585077337,2.3,8.5
603685,2021-12,0.019543973941368087,1.5,9.0
603685,2022-01,-0.10543130990415339,0.9,9.8
603685,2022-02,0.03750000000000009,0.9,9.2
603685,2022-03,-0.03872633390705671,1.5,9.7
603685,2022-04,-0.18979409131602498,2.1,10.5
603685,2022-05,0.061878453038673786,2.1,11.1
603685,2022-06,0.06763787721123826,2.5,11.4
603685,2022-07,0.01851851851851838,2.7,12.0
603685,2022-08,-0.044019138755980736,2.5,12.2
603685,2022-09,-0.027027027027026973,2.8,12.1
603685,2022-10,0.002057613168724215,2.1,11.8
603685,2022-11,0.03490759753593431,1.6,12.4
603685,2022-12,-0.06746031746031744,1.8,11.8
603685,2023-01,0.08723404255319145,2.1,12.6
603685,2023-02,0.06751467710371806,1.0,12.9
603685,2023-03,0.0,0.7,12.7
603685,2023-04,0.010999083409715782,0.1,12.4
603685,2023-05,0.20398912058023577,0.2,11.6
603685,2023-06,0.13704819277108427,0.0,11.3
603685,2023-07,-0.0523178807947019,-0.3,10.7
603685,2023-08,0.02515723270440251,0.1,10.6
603685,2023-09,-0.0006816632583503957,0.0,10.3
603685,2023-10,0.013642564802182733,-0.2,10.3
603685,2023-11,0.01682368775235532,-0.5,10.0
603685,2023-12,0.011912640635340921,-0.3,9.7
603685,2024-01,-0.12361020274689327,-0.8,8.7
603685,2024-02,-0.05671641791044779,0.7,8.7
603685,2024-03,0.1416139240506329,0.1,8.3
603685,2024-04,-0.14691614691614685,0.3,7.2
603685,2024-05,-0.05523964256701863,0.3,7.0
603685,2024-06,-0.012897678417884806,0.2,6.2
603685,2024-07,-0.05139372822299648,0.5,6.3
603685,2024-08,-0.0018365472910928382,0.6,6.3
603685,2024-09,0.12235510579576814,0.4,6.8
603685,2024-10,-0.004918032786885185,0.3,7.5
603685,2024-11,0.06260296540362442,0.2,7.1
603685,2024-12,-0.08837209302325588,0.1,7.3
603685,2025-01,0.04166666666666674,0.5,7.0
603685,2025-02,0.005714285714285783,-0.7,7.0
603685,2025-03,-0.05438311688311692,-0.1,7.0
603685,2025-04,0.0429184549356223,-0.1,8.0
603685,2025-05,0.07325102880658418,-0.1,7.9
603685,2025-06,0.07668711656441718,0.1,8.3
603685,2025-07,0.12037037037037046,0.0,8.8
603685,2025-08,0.2225047679593135,-0.4,8.8
603685,2025-09,-0.08060322412896515,-0.3,8.4
603685,2025-10,0.17929864253393668,0.2,8.2
603685,2025-11,0.016306954436450916,0.7,8.0
603685,2025-12,-0.08022652194431346,0.8,8.5
603685,2026-01,0.0979989738327347,0.2,9.0
603685,2026-02,0.3448598130841123,1.3,9.0
603685,2026-03,0.035441278665740095,1.0,8.5
603685,2026-04,0.1013422818791947,1.2,8.6
